일련번호,지역,업력,대출년도,대출금액(백만원),업종
1,전북,15년미만,2021,50,
2,전남,20년이상,2021,100,
3,인천,5년미만,2021,200,
4,인천,10년미만,2021,100,
5,인천,20년미만,2021,150,
6,경북,5년미만,2021,200,
7,경북,15년미만,2021,100,
8,경기,20년미만,2021,50,
9,경북,3년미만,2021,200,
10,경남,15년미만,2021,200,
11,경북,20년이상,2021,200,
12,경기,7년미만,2021,70,
13,인천,5년미만,2021,150,
14,대구,7년미만,2021,100,
15,대구,10년미만,2021,100,
16,경기,10년미만,2021,200,
17,경기,15년미만,2021,200,
18,경기,15년미만,2021,50,
19,경기,15년미만,2021,150,
20,충남,10년미만,2021,100,
21,인천,10년미만,2021,100,
22,경북,10년미만,2021,200,
23,충남,15년미만,2021,150,
24,전북,20년이상,2021,100,
25,경기,20년이상,2021,200,
26,경기,20년미만,2021,100,
27,경기,10년미만,2021,100,
28,전북,15년미만,2021,200,
29,경북,20년이상,2021,300,
30,강원,10년미만,2021,200,
31,경북,20년이상,2021,100,
32,경북,20년이상,2021,200,
33,대구,15년미만,2021,300,
34,경기,5년미만,2021,150,
35,경기,7년미만,2021,200,
36,충남,15년미만,2021,200,
37,경기,15년미만,2021,200,
38,경남,20년이상,2021,200,
39,광주,3년미만,2021,150,
40,경기,20년미만,2021,200,
41,경기,3년미만,2021,100,
42,제주,20년이상,2021,200,
43,제주,3년미만,2021,80,
44,강원,10년미만,2021,200,
45,전북,15년미만,2021,100,
46,경기,5년미만,2021,100,
47,경기,1년미만,2021,150,
48,전북,20년미만,2021,100,
49,경기,15년미만,2021,200,
50,경기,10년미만,2021,200,
51,울산,20년미만,2021,300,
52,광주,20년이상,2021,200,
53,울산,7년미만,2021,50,
54,경남,7년미만,2021,50,
55,경남,5년미만,2021,100,
56,울산,15년미만,2021,300,
57,충북,20년미만,2021,100,
58,인천,5년미만,2021,50,
59,대전,20년이상,2021,300,
60,대전,20년미만,2021,200,
61,충남,20년미만,2021,200,
62,경기,20년미만,2021,150,
63,경남,20년이상,2021,200,
64,인천,5년미만,2021,200,
65,경기,10년미만,2021,100,
66,경기,15년미만,2021,100,
67,경북,20년이상,2021,1000,
68,경기,20년이상,2021,150,
69,충북,10년미만,2021,200,
70,경기,3년미만,2021,300,
71,경기,5년미만,2021,100,
72,인천,20년미만,2021,150,
73,경기,20년이상,2021,100,
74,경북,15년미만,2021,200,
75,경기,5년미만,2021,100,
76,경기,3년미만,2021,50,
77,충북,20년이상,2021,200,
78,경기,20년이상,2021,100,
79,경남,20년이상,2021,500,
80,인천,20년이상,2021,150,
81,인천,10년미만,2021,80,
82,경기,20년이상,2021,130,
83,충북,20년이상,2021,200,
84,대전,15년미만,2021,200,
85,경기,15년미만,2021,200,
86,전북,7년미만,2021,200,
87,전북,20년이상,2021,200,
88,경기,20년이상,2021,300,
89,경남,10년미만,2021,200,
90,경기,5년미만,2021,50,
91,대구,5년미만,2021,100,
92,대구,15년미만,2021,100,
93,경기,10년미만,2021,100,
94,대구,20년이상,2021,100,
95,경기,20년이상,2021,200,
96,경남,15년미만,2021,200,
97,경기,10년미만,2021,100,
98,경남,20년미만,2021,200,
99,강원,10년미만,2021,250,
100,강원,20년이상,2021,100,
101,강원,15년미만,2021,200,
102,경기,20년미만,2021,200,
103,경기,15년미만,2021,70,
104,경기,5년미만,2021,100,
105,경기,20년이상,2021,100,
106,광주,20년미만,2021,200,
107,강원,10년미만,2021,100,
108,경기,15년미만,2021,100,
109,경기,20년이상,2021,100,
110,경북,20년이상,2021,100,
111,인천,15년미만,2021,300,
112,경기,20년미만,2021,100,
113,경기,5년미만,2021,50,
114,경북,15년미만,2021,150,
115,경기,5년미만,2021,50,
116,경기,7년미만,2021,100,
117,경기,20년이상,2021,200,
118,경기,7년미만,2021,80,
119,충남,20년이상,2021,200,
120,경기,10년미만,2021,100,
121,경기,7년미만,2021,50,
122,울산,15년미만,2021,300,
123,대구,20년미만,2021,300,
124,제주,5년미만,2021,100,
125,울산,10년미만,2021,200,
126,경남,15년미만,2021,70,
127,전남,5년미만,2021,200,
128,경기,10년미만,2021,150,
129,경기,15년미만,2021,150,
130,제주,20년미만,2021,300,
131,경기,5년미만,2021,100,
132,경북,10년미만,2021,100,
133,경기,5년미만,2021,100,
134,서울,10년미만,2021,250,
135,충북,20년이상,2021,300,
136,인천,15년미만,2021,150,
137,울산,10년미만,2021,100,
138,경기,15년미만,2021,150,
139,경북,7년미만,2021,100,
140,충북,20년이상,2021,300,
141,충남,7년미만,2021,50,
142,경기,7년미만,2021,70,
143,경기,10년미만,2021,100,
144,전북,20년미만,2021,200,
145,경기,20년미만,2021,100,
146,경기,5년미만,2021,100,
147,경기,10년미만,2021,150,
148,경기,20년이상,2021,100,
149,부산,7년미만,2021,100,
150,경기,7년미만,2021,150,
151,서울,20년이상,2021,100,
152,서울,5년미만,2021,150,
153,전북,20년이상,2021,30,
154,인천,10년미만,2021,100,
155,인천,7년미만,2021,80,
156,경북,15년미만,2021,200,
157,충북,20년이상,2021,500,
158,울산,20년미만,2021,80,
159,강원,15년미만,2021,100,
160,충북,20년미만,2021,300,
161,충남,10년미만,2021,200,
162,경기,15년미만,2021,250,
163,경기,10년미만,2021,100,
164,경기,3년미만,2021,100,
165,경북,15년미만,2021,50,
166,대전,20년이상,2021,100,
167,경기,3년미만,2021,80,
168,세종,10년미만,2021,200,
169,경남,15년미만,2021,200,
170,경북,10년미만,2021,200,
171,경남,20년미만,2021,200,
172,경기,15년미만,2021,300,
173,경남,10년미만,2021,300,
174,경기,20년이상,2021,300,
175,울산,20년이상,2021,50,
176,충남,15년미만,2021,200,
177,대구,5년미만,2021,80,
178,전남,15년미만,2021,300,
179,경기,10년미만,2021,100,
180,광주,3년미만,2021,100,
181,경기,5년미만,2021,100,
182,대전,10년미만,2021,120,
183,강원,20년이상,2021,200,
184,대구,15년미만,2021,300,
185,경남,10년미만,2021,150,
186,경기,5년미만,2021,200,
187,인천,20년이상,2021,100,
188,부산,20년미만,2021,100,
189,경북,15년미만,2021,200,
190,대전,15년미만,2021,200,
191,대전,20년미만,2021,300,
192,충북,20년이상,2021,500,
193,인천,5년미만,2021,100,
194,충북,15년미만,2021,200,
195,충남,7년미만,2021,100,
196,경기,7년미만,2021,70,
197,부산,5년미만,2021,200,
198,경기,10년미만,2021,200,
199,경기,5년미만,2021,100,
200,인천,10년미만,2021,100,
201,서울,5년미만,2021,100,
202,경남,10년미만,2021,150,
203,경북,20년미만,2021,1000,
204,울산,10년미만,2021,100,
205,울산,10년미만,2021,200,
206,충남,10년미만,2021,200,
207,광주,10년미만,2021,200,
208,대구,15년미만,2021,100,
209,경기,20년이상,2021,100,
210,경기,5년미만,2021,50,
211,제주,5년미만,2021,500,
212,제주,5년미만,2021,300,
213,경기,10년미만,2021,100,
214,경기,7년미만,2021,50,
215,경기,3년미만,2021,100,
216,경기,15년미만,2021,100,
217,경북,10년미만,2021,100,
218,경기,15년미만,2021,100,
219,울산,15년미만,2021,300,
220,전북,15년미만,2021,200,
221,충남,3년미만,2021,100,
222,경기,5년미만,2021,150,
223,경남,10년미만,2021,200,
224,대전,20년미만,2021,200,
225,대전,10년미만,2021,300,
226,강원,15년미만,2021,50,
227,경기,10년미만,2021,100,
228,부산,5년미만,2021,100,
229,경남,5년미만,2021,150,
230,전남,20년이상,2021,200,
231,서울,15년미만,2021,200,
232,울산,10년미만,2021,200,
233,충북,10년미만,2021,300,
234,경기,20년이상,2021,100,
235,경북,20년이상,2021,300,
236,대전,20년미만,2021,300,
237,대전,20년이상,2021,100,
238,부산,7년미만,2021,100,
239,경북,5년미만,2021,200,
240,전북,10년미만,2021,100,
241,경기,20년이상,2021,200,
242,대구,10년미만,2021,100,
243,전남,10년미만,2021,200,
244,부산,3년미만,2021,50,
245,경북,15년미만,2021,200,
246,경기,7년미만,2021,200,
247,전북,3년미만,2021,200,
248,서울,7년미만,2021,150,
249,경남,10년미만,2021,100,
250,대구,20년미만,2021,150,
251,경기,7년미만,2021,80,
252,전남,10년미만,2021,200,
253,경북,20년미만,2021,300,
254,경기,15년미만,2021,80,
255,제주,10년미만,2021,100,
256,경남,20년이상,2021,150,
257,경남,10년미만,2021,100,
258,인천,20년이상,2021,80,
259,대구,10년미만,2021,100,
260,경기,5년미만,2021,1000,
261,울산,10년미만,2021,100,
262,울산,1년미만,2021,100,
263,인천,15년미만,2021,100,
264,광주,10년미만,2021,200,
265,경남,20년이상,2021,200,
266,서울,5년미만,2021,200,
267,서울,20년이상,2021,100,
268,서울,10년미만,2021,300,
269,경북,15년미만,2021,150,
270,경북,20년이상,2021,250,
271,경기,15년미만,2021,100,
272,인천,20년미만,2021,50,
273,강원,20년이상,2021,200,
274,경기,10년미만,2021,250,
275,인천,3년미만,2021,200,
276,인천,10년미만,2021,100,
277,대전,20년이상,2021,100,
278,충북,10년미만,2021,100,
279,경북,10년미만,2021,50,
280,대전,10년미만,2021,200,
281,경북,20년이상,2021,150,
282,경남,15년미만,2021,200,
283,부산,3년미만,2021,100,
284,강원,15년미만,2021,200,
285,경기,7년미만,2021,100,
286,경북,20년미만,2021,200,
287,대구,10년미만,2021,100,
288,경남,10년미만,2021,250,
289,경북,15년미만,2021,150,
290,경북,10년미만,2021,200,
291,경기,15년미만,2021,100,
292,인천,7년미만,2021,50,
293,대구,20년이상,2021,300,
294,충남,15년미만,2021,200,
295,경북,15년미만,2021,500,
296,경기,15년미만,2021,50,
297,경기,10년미만,2021,200,
298,대구,20년이상,2021,200,
299,경북,15년미만,2021,300,
300,경기,7년미만,2021,100,
301,경기,5년미만,2021,50,
302,경기,3년미만,2021,100,
303,경기,15년미만,2021,100,
304,인천,15년미만,2021,200,
305,경남,5년미만,2021,150,
306,강원,7년미만,2021,150,
307,경남,10년미만,2021,200,
308,대구,10년미만,2021,150,
309,경기,7년미만,2021,50,
310,전북,15년미만,2021,200,
311,인천,15년미만,2021,80,
312,서울,20년미만,2021,150,
313,경기,15년미만,2021,100,
314,충남,3년미만,2021,200,
315,경남,10년미만,2021,100,
316,부산,10년미만,2021,150,
317,부산,5년미만,2021,200,
318,경남,7년미만,2021,1000,
319,충남,5년미만,2021,100,
320,경북,20년이상,2021,300,
321,경북,10년미만,2021,100,
322,충남,15년미만,2021,150,
323,대전,7년미만,2021,100,
324,경북,10년미만,2021,300,
325,경남,5년미만,2021,100,
326,인천,20년미만,2021,100,
327,강원,3년미만,2021,150,
328,부산,3년미만,2021,80,
329,경기,20년이상,2021,200,
330,인천,20년이상,2021,80,
331,경기,20년이상,2021,100,
332,경남,15년미만,2021,150,
333,경남,20년미만,2021,150,
334,전북,20년이상,2021,200,
335,서울,15년미만,2021,200,
336,충남,5년미만,2021,100,
337,전북,3년미만,2021,300,
338,경남,15년미만,2021,200,
339,경기,20년미만,2021,100,
340,경기,15년미만,2021,300,
341,전남,15년미만,2021,100,
342,경남,20년미만,2021,100,
343,대구,10년미만,2021,50,
344,경남,15년미만,2021,150,
345,인천,3년미만,2021,50,
346,서울,20년미만,2021,100,
347,경북,10년미만,2021,100,
348,경기,10년미만,2021,100,
349,경북,10년미만,2021,100,
350,경기,5년미만,2021,100,
351,전남,15년미만,2021,200,
352,인천,15년미만,2021,80,
353,경기,20년이상,2021,120,
354,인천,20년이상,2021,200,
355,대구,20년미만,2021,200,
356,경기,15년미만,2021,100,
357,경기,15년미만,2021,100,
358,충북,20년이상,2021,100,
359,강원,15년미만,2021,200,
360,전북,15년미만,2021,200,
361,인천,15년미만,2021,300,
362,부산,10년미만,2021,50,
363,경북,10년미만,2021,200,
364,경기,7년미만,2021,100,
365,부산,15년미만,2021,200,
366,전남,20년이상,2021,200,
367,경남,20년미만,2021,200,
368,대구,10년미만,2021,100,
369,경기,15년미만,2021,50,
370,울산,5년미만,2021,100,
371,경북,20년이상,2021,80,
372,인천,10년미만,2021,100,
373,경북,10년미만,2021,150,
374,울산,20년미만,2021,100,
375,경기,10년미만,2021,200,
376,경기,15년미만,2021,100,
377,충북,10년미만,2021,200,
378,인천,20년이상,2021,100,
379,경기,7년미만,2021,100,
380,경기,7년미만,2021,100,
381,대구,7년미만,2021,50,
382,서울,5년미만,2021,150,
383,서울,15년미만,2021,300,
384,부산,20년이상,2021,200,
385,경기,10년미만,2021,100,
386,경기,5년미만,2021,100,
387,경기,15년미만,2021,100,
388,경기,15년미만,2021,80,
389,충북,10년미만,2021,300,
390,경기,15년미만,2021,200,
391,충남,20년미만,2021,200,
392,경기,15년미만,2021,100,
393,경기,20년미만,2021,200,
394,경기,15년미만,2021,100,
395,경북,10년미만,2021,100,
396,전북,5년미만,2021,100,
397,광주,10년미만,2021,150,
398,전북,10년미만,2021,200,
399,광주,15년미만,2021,50,
400,경기,20년이상,2021,300,
401,경기,20년이상,2021,100,
402,충북,3년미만,2021,200,
403,경남,15년미만,2021,100,
404,경북,7년미만,2021,30,
405,대구,20년이상,2021,150,
406,대구,7년미만,2021,100,
407,강원,15년미만,2021,150,
408,부산,10년미만,2021,100,
409,경기,20년미만,2021,200,
410,부산,3년미만,2021,100,
411,경북,20년이상,2021,300,
412,충남,10년미만,2021,200,
413,충남,5년미만,2021,100,
414,경북,10년미만,2021,200,
415,경남,3년미만,2021,100,
416,전북,5년미만,2021,200,
417,부산,20년이상,2021,50,
418,광주,10년미만,2021,50,
419,경기,5년미만,2021,200,
420,충남,5년미만,2021,100,
421,인천,7년미만,2021,50,
422,대구,20년미만,2021,200,
423,충북,5년미만,2021,200,
424,경북,15년미만,2021,400,
425,충남,15년미만,2021,300,
426,경남,15년미만,2021,300,
427,경북,20년미만,2021,500,
428,전남,20년미만,2021,100,
429,대전,10년미만,2021,50,
430,충남,10년미만,2021,100,
431,충북,10년미만,2021,100,
432,인천,3년미만,2021,50,
433,서울,3년미만,2021,100,
434,전북,5년미만,2021,100,
435,경남,15년미만,2021,100,
436,전북,10년미만,2021,50,
437,경남,20년미만,2021,200,
438,광주,15년미만,2021,80,
439,광주,20년미만,2021,150,
440,경기,10년미만,2021,100,
441,경기,10년미만,2021,80,
442,인천,20년미만,2021,50,
443,서울,15년미만,2021,500,
444,광주,20년이상,2021,200,
445,경기,10년미만,2021,150,
446,경기,15년미만,2021,150,
447,인천,5년미만,2021,100,
448,부산,10년미만,2021,150,
449,전북,20년미만,2021,200,
450,경남,20년이상,2021,50,
451,충북,15년미만,2021,100,
452,대전,20년이상,2021,100,
453,경기,20년이상,2021,100,
454,울산,15년미만,2021,200,
455,부산,5년미만,2021,50,
456,경기,20년미만,2021,200,
457,대구,20년이상,2021,200,
458,충남,20년이상,2021,100,
459,경기,10년미만,2021,50,
460,부산,20년미만,2021,200,
461,충남,15년미만,2021,150,
462,대구,20년이상,2021,100,
463,경기,20년미만,2021,100,
464,경기,15년미만,2021,500,
465,대구,10년미만,2021,100,
466,경북,15년미만,2021,200,
467,경기,10년미만,2021,100,
468,경북,20년미만,2021,100,
469,인천,1년미만,2021,50,
470,충북,3년미만,2021,100,
471,경남,10년미만,2021,100,
472,경기,20년미만,2021,80,
473,경북,3년미만,2021,70,
474,경기,10년미만,2021,50,
475,경기,20년미만,2021,50,
476,경남,20년미만,2021,200,
477,전남,15년미만,2021,200,
478,경기,10년미만,2021,100,
479,인천,20년미만,2021,100,
480,인천,10년미만,2021,100,
481,경기,5년미만,2021,100,
482,서울,20년이상,2021,300,
483,경기,10년미만,2021,200,
484,서울,15년미만,2021,200,
485,충남,10년미만,2021,100,
486,인천,3년미만,2021,30,
487,경기,10년미만,2021,100,
488,경기,5년미만,2021,50,
489,경기,15년미만,2021,100,
490,경기,20년이상,2021,100,
491,강원,10년미만,2021,200,
492,경남,10년미만,2021,100,
493,광주,20년미만,2021,1000,
494,경북,7년미만,2021,100,
495,경기,20년이상,2021,80,
496,인천,5년미만,2021,30,
497,광주,20년미만,2021,500,
498,부산,10년미만,2021,250,
499,경기,3년미만,2021,50,
500,경기,7년미만,2021,200,
501,대구,15년미만,2021,100,
502,충남,10년미만,2021,100,
503,대구,20년미만,2021,50,
504,경기,10년미만,2021,50,
505,울산,7년미만,2021,200,
506,전북,20년이상,2021,50,
507,부산,10년미만,2021,50,
508,경남,15년미만,2021,70,
509,경남,10년미만,2021,200,
510,서울,3년미만,2021,100,
511,경기,15년미만,2021,100,
512,경기,20년미만,2021,50,
513,경북,15년미만,2021,220,
514,경기,20년이상,2021,100,
515,대전,20년미만,2021,200,
516,충남,10년미만,2021,150,
517,충북,15년미만,2021,150,
518,경북,15년미만,2021,50,
519,충북,15년미만,2021,70,
520,경기,20년미만,2021,200,
521,서울,20년이상,2021,200,
522,강원,10년미만,2021,100,
523,대전,5년미만,2021,50,
524,강원,3년미만,2021,200,
525,제주,5년미만,2021,300,
526,경기,20년미만,2021,200,
527,대구,20년미만,2021,100,
528,대구,20년이상,2021,200,
529,경기,15년미만,2021,200,
530,경남,10년미만,2021,100,
531,충남,5년미만,2021,50,
532,인천,5년미만,2021,100,
533,대구,15년미만,2021,200,
534,경기,20년미만,2021,50,
535,인천,15년미만,2021,100,
536,경기,5년미만,2021,200,
537,강원,10년미만,2021,100,
538,경기,20년미만,2021,50,
539,경기,15년미만,2021,100,
540,경기,5년미만,2021,150,
541,강원,7년미만,2021,200,
542,경기,5년미만,2021,100,
543,경북,15년미만,2021,200,
544,부산,7년미만,2021,300,
545,경북,15년미만,2021,200,
546,전북,3년미만,2021,100,
547,전북,7년미만,2021,200,
548,경기,20년이상,2021,200,
549,서울,3년미만,2021,50,
550,인천,20년미만,2021,150,
551,경기,20년이상,2021,100,
552,대구,15년미만,2021,50,
553,대구,7년미만,2021,100,
554,대전,20년미만,2021,100,
555,충남,20년미만,2021,300,
556,경북,10년미만,2021,100,
557,대구,15년미만,2021,200,
558,광주,20년이상,2021,100,
559,대구,15년미만,2021,100,
560,인천,20년미만,2021,50,
561,전남,10년미만,2021,100,
562,경기,3년미만,2021,100,
563,충북,7년미만,2021,100,
564,경기,3년미만,2021,50,
565,경기,10년미만,2021,150,
566,경기,10년미만,2021,50,
567,경기,20년이상,2021,50,
568,경북,15년미만,2021,100,
569,경기,20년미만,2021,70,
570,전남,7년미만,2021,300,
571,인천,20년이상,2021,50,
572,경기,20년미만,2021,100,
573,충남,10년미만,2021,200,
574,전북,10년미만,2021,160,
575,대구,7년미만,2021,100,
576,서울,10년미만,2021,50,
577,인천,20년미만,2021,50,
578,경남,5년미만,2021,200,
579,경기,5년미만,2021,50,
580,경기,10년미만,2021,50,
581,제주,15년미만,2021,270,
582,경북,20년이상,2021,200,
583,대전,7년미만,2021,200,
584,경기,15년미만,2021,150,
585,경기,20년미만,2021,150,
586,충남,15년미만,2021,200,
587,경기,20년미만,2021,150,
588,광주,10년미만,2021,150,
589,경기,15년미만,2021,100,
590,대구,15년미만,2021,300,
591,대구,20년이상,2021,100,
592,대구,15년미만,2021,100,
593,경기,15년미만,2021,180,
594,대구,10년미만,2021,50,
595,경기,3년미만,2021,40,
596,경기,10년미만,2021,100,
597,부산,10년미만,2021,200,
598,대구,20년이상,2021,100,
599,경북,7년미만,2021,100,
600,경북,5년미만,2021,100,
601,경남,10년미만,2021,100,
602,경기,20년미만,2021,100,
603,울산,20년미만,2021,100,
604,전남,15년미만,2021,150,
605,경기,15년미만,2021,150,
606,서울,5년미만,2021,70,
607,서울,5년미만,2021,500,
608,인천,10년미만,2021,100,
609,인천,7년미만,2021,50,
610,경기,15년미만,2021,100,
611,부산,20년이상,2021,100,
612,부산,15년미만,2021,50,
613,서울,15년미만,2021,300,
614,전북,10년미만,2021,100,
615,경기,20년이상,2021,50,
616,전남,15년미만,2021,500,
617,경기,15년미만,2021,80,
618,충남,20년이상,2021,80,
619,대구,15년미만,2021,200,
620,대구,20년이상,2021,150,
621,경기,3년미만,2021,100,
622,경북,10년미만,2021,100,
623,경기,20년이상,2021,100,
624,경기,15년미만,2021,100,
625,경기,3년미만,2021,100,
626,경남,5년미만,2021,100,
627,충북,3년미만,2021,50,
628,경기,10년미만,2021,150,
629,경기,20년미만,2021,100,
630,경기,20년이상,2021,100,
631,경기,10년미만,2021,200,
632,인천,15년미만,2021,100,
633,경남,10년미만,2021,200,
634,서울,15년미만,2021,100,
635,울산,5년미만,2021,100,
636,인천,15년미만,2021,200,
637,경북,5년미만,2021,100,
638,대구,10년미만,2021,150,
639,서울,20년미만,2021,100,
640,강원,15년미만,2021,200,
641,강원,20년미만,2021,200,
642,경기,20년이상,2021,200,
643,경남,15년미만,2021,50,
644,경기,15년미만,2021,100,
645,경남,15년미만,2021,100,
646,경남,15년미만,2021,200,
647,경기,20년미만,2021,50,
648,부산,20년미만,2021,200,
649,광주,7년미만,2021,200,
650,광주,5년미만,2021,200,
651,울산,20년미만,2021,120,
652,서울,10년미만,2021,100,
653,서울,20년이상,2021,200,
654,경기,5년미만,2021,150,
655,서울,15년미만,2021,150,
656,전북,15년미만,2021,200,
657,전북,7년미만,2021,100,
658,전북,15년미만,2021,150,
659,경남,20년미만,2021,300,
660,강원,20년미만,2021,100,
661,경기,15년미만,2021,500,
662,서울,5년미만,2021,100,
663,서울,5년미만,2021,100,
664,인천,20년이상,2021,100,
665,서울,15년미만,2021,200,
666,경남,3년미만,2021,200,
667,경기,5년미만,2021,200,
668,경기,7년미만,2021,100,
669,경기,15년미만,2021,250,
670,대전,15년미만,2021,50,
671,광주,20년미만,2021,50,
672,경기,5년미만,2021,50,
673,경기,15년미만,2021,100,
674,광주,20년이상,2021,150,
675,서울,5년미만,2021,150,
676,충북,10년미만,2021,100,
677,경기,20년미만,2021,100,
678,대전,15년미만,2021,200,
679,경북,10년미만,2021,50,
680,전북,20년이상,2021,200,
681,부산,20년미만,2021,200,
682,경북,10년미만,2021,50,
683,경기,20년미만,2021,80,
684,경기,10년미만,2021,100,
685,충북,7년미만,2021,100,
686,경기,20년미만,2021,50,
687,대구,15년미만,2021,200,
688,경기,7년미만,2021,150,
689,경남,20년이상,2021,200,
690,인천,10년미만,2021,20,
691,인천,10년미만,2021,30,
692,서울,3년미만,2021,150,
693,서울,10년미만,2021,300,
694,강원,20년이상,2021,300,
695,인천,20년미만,2021,50,
696,경기,20년이상,2021,150,
697,인천,20년이상,2021,100,
698,경기,20년미만,2021,200,
699,경기,7년미만,2021,30,
700,인천,3년미만,2021,100,
701,인천,15년미만,2021,80,
702,경기,20년미만,2021,200,
703,서울,7년미만,2021,100,
704,경기,7년미만,2021,150,
705,경기,20년이상,2021,100,
706,경기,20년미만,2021,150,
707,경남,7년미만,2021,100,
708,인천,20년미만,2021,30,
709,경남,7년미만,2021,200,
710,서울,15년미만,2021,300,
711,경남,20년미만,2021,100,
712,부산,7년미만,2021,150,
713,경남,3년미만,2021,300,
714,경기,10년미만,2021,80,
715,전남,10년미만,2021,200,
716,경기,5년미만,2021,50,
717,경기,3년미만,2021,70,
718,대구,20년이상,2021,100,
719,대전,20년이상,2021,50,
720,대구,15년미만,2021,100,
721,경기,10년미만,2021,100,
722,경기,3년미만,2021,100,
723,전남,3년미만,2021,200,
724,전남,10년미만,2021,50,
725,서울,3년미만,2021,150,
726,경기,15년미만,2021,100,
727,경기,5년미만,2021,100,
728,경기,3년미만,2021,100,
729,충북,10년미만,2021,200,
730,충북,15년미만,2021,50,
731,경기,10년미만,2021,150,
732,경남,3년미만,2021,100,
733,경북,10년미만,2021,100,
734,경기,10년미만,2021,150,
735,경기,15년미만,2021,100,
736,경기,15년미만,2021,50,
737,경기,20년이상,2021,100,
738,인천,20년미만,2021,100,
739,경기,10년미만,2021,50,
740,전북,7년미만,2021,100,
741,경기,7년미만,2021,50,
742,부산,15년미만,2021,100,
743,경기,20년미만,2021,100,
744,경남,15년미만,2021,200,
745,서울,5년미만,2021,500,
746,충북,15년미만,2021,200,
747,충북,10년미만,2021,200,
748,전북,7년미만,2021,100,
749,경기,20년미만,2021,200,
750,인천,5년미만,2021,50,
751,경기,7년미만,2021,50,
752,대구,10년미만,2021,200,
753,경기,7년미만,2021,100,
754,경기,5년미만,2021,150,
755,서울,3년미만,2021,100,
756,전남,7년미만,2021,50,
757,인천,20년미만,2021,150,
758,전남,5년미만,2021,100,
759,경기,7년미만,2021,80,
760,인천,10년미만,2021,50,
761,경기,20년미만,2021,250,
762,경기,15년미만,2021,100,
763,충북,20년이상,2021,150,
764,서울,3년미만,2021,300,
765,대전,10년미만,2021,200,
766,대구,7년미만,2021,100,
767,경기,10년미만,2021,100,
768,경기,20년이상,2021,100,
769,경기,20년이상,2021,100,
770,대전,20년미만,2021,300,
771,인천,3년미만,2021,50,
772,서울,5년미만,2021,100,
773,전북,10년미만,2021,100,
774,제주,15년미만,2021,50,
775,경기,10년미만,2021,30,
776,서울,10년미만,2021,150,
777,서울,3년미만,2021,200,
778,부산,15년미만,2021,500,
779,경기,10년미만,2021,50,
780,충남,15년미만,2021,300,
781,경북,3년미만,2021,70,
782,경기,20년이상,2021,50,
783,경기,20년이상,2021,50,
784,경기,10년미만,2021,150,
785,서울,15년미만,2021,100,
786,경북,7년미만,2021,100,
787,경북,20년이상,2021,200,
788,경기,20년미만,2021,150,
789,강원,5년미만,2021,100,
790,경기,20년이상,2021,50,
791,경남,10년미만,2021,200,
792,인천,5년미만,2021,50,
793,경남,20년이상,2021,200,
794,전북,10년미만,2021,200,
795,광주,20년미만,2021,100,
796,대구,10년미만,2021,100,
797,경기,20년이상,2021,100,
798,광주,15년미만,2021,150,
799,대전,7년미만,2021,200,
800,경기,10년미만,2021,200,
801,경기,10년미만,2021,150,
802,경기,15년미만,2021,150,
803,경기,10년미만,2021,200,
804,경기,5년미만,2021,90,
805,충남,3년미만,2021,50,
806,경기,10년미만,2021,100,
807,경기,3년미만,2021,300,
808,인천,20년이상,2021,50,
809,경기,5년미만,2021,200,
810,서울,10년미만,2021,100,
811,서울,10년미만,2021,200,
812,경남,10년미만,2021,600,
813,대구,20년이상,2021,300,
814,경남,20년이상,2021,100,
815,경기,7년미만,2021,80,
816,울산,5년미만,2021,50,
817,광주,10년미만,2021,200,
818,충북,10년미만,2021,100,
819,경기,15년미만,2021,100,
820,경기,10년미만,2021,100,
821,경기,10년미만,2021,100,
822,경남,15년미만,2021,100,
823,경남,10년미만,2021,200,
824,울산,10년미만,2021,50,
825,경기,10년미만,2021,300,
826,경북,20년이상,2021,50,
827,대전,20년미만,2021,200,
828,인천,15년미만,2021,100,
829,부산,20년이상,2021,150,
830,경기,10년미만,2021,50,
831,경기,10년미만,2021,150,
832,부산,10년미만,2021,100,
833,부산,15년미만,2021,200,
834,전남,20년미만,2021,50,
835,경기,5년미만,2021,50,
836,인천,5년미만,2021,50,
837,인천,20년이상,2021,200,
838,경북,10년미만,2021,200,
839,경기,10년미만,2021,100,
840,서울,10년미만,2021,200,
841,서울,20년미만,2021,200,
842,서울,5년미만,2021,100,
843,서울,3년미만,2021,50,
844,경남,10년미만,2021,300,
845,서울,1년미만,2021,500,
846,경기,15년미만,2021,100,
847,경기,20년미만,2021,150,
848,경기,20년미만,2021,100,
849,충북,20년미만,2021,200,
850,경북,10년미만,2021,150,
851,경남,10년미만,2021,100,
852,경북,7년미만,2021,50,
853,충북,20년미만,2021,100,
854,충남,15년미만,2021,100,
855,부산,7년미만,2021,200,
856,충남,10년미만,2021,50,
857,부산,7년미만,2021,100,
858,서울,15년미만,2021,50,
859,부산,20년미만,2021,300,
860,부산,7년미만,2021,150,
861,대전,20년이상,2021,50,
862,부산,15년미만,2021,200,
863,부산,3년미만,2021,200,
864,경기,20년이상,2021,80,
865,경기,10년미만,2021,50,
866,광주,7년미만,2021,50,
867,대구,15년미만,2021,50,
868,경기,15년미만,2021,100,
869,서울,5년미만,2021,50,
870,광주,15년미만,2021,100,
871,경기,20년이상,2021,100,
872,전남,10년미만,2021,50,
873,대전,10년미만,2021,300,
874,대전,15년미만,2021,150,
875,충북,15년미만,2021,100,
876,전남,10년미만,2021,200,
877,경남,20년미만,2021,100,
878,경기,5년미만,2021,150,
879,부산,20년이상,2021,100,
880,충북,15년미만,2021,50,
881,경기,20년미만,2021,150,
882,충북,20년이상,2021,150,
883,경기,20년미만,2021,100,
884,경기,3년미만,2021,150,
885,경기,1년미만,2021,100,
886,경기,10년미만,2021,150,
887,경기,1년미만,2021,70,
888,경기,10년미만,2021,150,
889,강원,10년미만,2021,150,
890,강원,15년미만,2021,200,
891,부산,20년이상,2021,50,
892,부산,15년미만,2021,200,
893,충남,7년미만,2021,300,
894,경남,5년미만,2021,200,
895,경북,5년미만,2021,200,
896,전북,15년미만,2021,100,
897,광주,10년미만,2021,200,
898,울산,20년미만,2021,200,
899,서울,7년미만,2021,300,
900,경기,10년미만,2021,70,
901,대구,20년이상,2021,150,
902,대구,20년이상,2021,100,
903,전남,15년미만,2021,200,
904,부산,3년미만,2021,50,
905,서울,10년미만,2021,50,
906,서울,5년미만,2021,100,
907,경기,5년미만,2021,200,
908,울산,15년미만,2021,70,
909,광주,20년미만,2021,200,
910,서울,15년미만,2021,100,
911,광주,15년미만,2021,100,
912,경기,20년미만,2021,80,
913,서울,7년미만,2021,200,
914,경기,15년미만,2021,200,
915,서울,10년미만,2021,100,
916,경기,15년미만,2021,300,
917,전북,15년미만,2021,200,
918,서울,20년미만,2021,200,
919,경남,7년미만,2021,300,
920,서울,3년미만,2021,150,
921,부산,5년미만,2021,100,
922,울산,15년미만,2021,50,
923,대구,20년이상,2021,200,
924,경북,10년미만,2021,50,
925,전남,5년미만,2021,100,
926,경기,10년미만,2021,50,
927,강원,7년미만,2021,100,
928,경기,10년미만,2021,80,
929,대전,15년미만,2021,100,
930,인천,10년미만,2021,100,
931,대구,20년미만,2021,300,
932,부산,15년미만,2021,300,
933,전북,15년미만,2021,300,
934,부산,20년미만,2021,150,
935,충북,20년이상,2021,500,
936,인천,3년미만,2021,80,
937,대구,15년미만,2021,200,
938,경기,7년미만,2021,100,
939,경기,10년미만,2021,100,
940,경기,20년미만,2021,100,
941,대구,10년미만,2021,300,
942,경남,5년미만,2021,200,
943,경기,10년미만,2021,100,
944,광주,20년미만,2021,100,
945,서울,10년미만,2021,100,
946,세종,5년미만,2021,150,
947,경기,20년이상,2021,50,
948,경기,20년이상,2021,200,
949,충남,1년미만,2021,200,
950,인천,5년미만,2021,100,
951,서울,20년미만,2021,200,
952,부산,20년이상,2021,100,
953,충북,10년미만,2021,200,
954,서울,15년미만,2021,100,
955,세종,5년미만,2021,200,
956,경기,15년미만,2021,100,
957,경기,3년미만,2021,50,
958,전북,20년이상,2021,500,
959,부산,10년미만,2021,100,
960,서울,15년미만,2021,150,
961,충북,20년이상,2021,200,
962,충남,15년미만,2021,100,
963,경기,15년미만,2021,80,
964,서울,5년미만,2021,200,
965,경기,10년미만,2021,50,
966,광주,10년미만,2021,50,
967,광주,10년미만,2021,100,
968,광주,10년미만,2021,100,
969,경기,7년미만,2021,200,
970,대구,20년이상,2021,200,
971,광주,15년미만,2021,30,
972,경기,20년이상,2021,100,
973,서울,10년미만,2021,100,
974,서울,10년미만,2021,100,
975,경남,20년이상,2021,300,
976,부산,20년미만,2021,100,
977,대전,10년미만,2021,200,
978,광주,10년미만,2021,100,
979,경기,15년미만,2021,100,
980,경기,10년미만,2021,500,
981,서울,7년미만,2021,200,
982,경남,3년미만,2021,150,
983,충북,10년미만,2021,50,
984,경기,10년미만,2021,200,
985,충남,15년미만,2021,50,
986,제주,15년미만,2021,500,
987,경남,15년미만,2021,100,
988,충남,3년미만,2021,100,
989,경남,15년미만,2021,150,
990,경북,10년미만,2021,70,
991,충남,1년미만,2021,100,
992,경남,15년미만,2021,100,
993,경북,5년미만,2021,50,
994,경기,3년미만,2021,100,
995,전남,1년미만,2021,100,
996,서울,20년미만,2021,150,
997,충북,7년미만,2021,100,
998,충북,7년미만,2021,200,
999,부산,20년이상,2021,200,
1000,경남,10년미만,2021,200,
1001,전남,20년이상,2021,200,
1002,충북,5년미만,2021,200,
1003,전남,10년미만,2021,200,
1004,경남,20년미만,2021,200,
1005,충북,7년미만,2021,100,
1006,대구,20년미만,2021,300,
1007,충북,15년미만,2021,100,
1008,서울,7년미만,2021,200,
1009,서울,20년이상,2021,200,
1010,경기,10년미만,2021,50,
1011,경기,3년미만,2021,100,
1012,서울,20년미만,2021,100,
1013,인천,5년미만,2021,30,
1014,대전,15년미만,2021,200,
1015,광주,20년이상,2021,500,
1016,경남,7년미만,2021,100,
1017,전남,20년이상,2021,200,
1018,충북,15년미만,2021,200,
1019,경기,20년미만,2021,100,
1020,충북,10년미만,2021,200,
1021,강원,20년미만,2021,200,
1022,인천,7년미만,2021,100,
1023,경기,7년미만,2021,100,
1024,인천,10년미만,2021,100,
1025,강원,10년미만,2021,100,
1026,충북,20년이상,2021,200,
1027,충북,20년미만,2021,200,
1028,울산,20년이상,2021,150,
1029,전남,3년미만,2021,200,
1030,광주,15년미만,2021,300,
1031,경북,10년미만,2021,200,
1032,경기,5년미만,2021,150,
1033,경기,7년미만,2021,100,
1034,전남,15년미만,2021,300,
1035,경기,10년미만,2021,100,
1036,경기,20년이상,2021,300,
1037,경북,20년미만,2021,200,
1038,강원,15년미만,2021,200,
1039,서울,10년미만,2021,200,
1040,충북,10년미만,2021,200,
1041,강원,10년미만,2021,100,
1042,대구,10년미만,2021,200,
1043,서울,10년미만,2021,90,
1044,충북,10년미만,2021,100,
1045,경북,7년미만,2021,50,
1046,인천,3년미만,2021,100,
1047,경북,7년미만,2021,70,
1048,경기,3년미만,2021,50,
1049,경남,3년미만,2021,250,
1050,경기,20년이상,2021,70,
1051,부산,3년미만,2021,150,
1052,충남,15년미만,2021,100,
1053,경기,20년이상,2021,100,
1054,충남,15년미만,2021,100,
1055,경북,3년미만,2021,100,
1056,경기,20년이상,2021,50,
1057,경기,20년이상,2021,200,
1058,경기,5년미만,2021,30,
1059,경기,7년미만,2021,150,
1060,경기,10년미만,2021,100,
1061,경기,5년미만,2021,50,
1062,경북,15년미만,2021,200,
1063,경기,15년미만,2021,100,
1064,서울,20년미만,2021,100,
1065,서울,3년미만,2021,100,
1066,전남,20년미만,2021,200,
1067,서울,5년미만,2021,200,
1068,서울,10년미만,2021,100,
1069,부산,5년미만,2021,100,
1070,대전,3년미만,2021,200,
1071,충북,15년미만,2021,50,
1072,전북,3년미만,2021,70,
1073,울산,20년미만,2021,100,
1074,경기,7년미만,2021,300,
1075,인천,10년미만,2021,150,
1076,충북,15년미만,2021,100,
1077,강원,10년미만,2021,100,
1078,강원,20년이상,2021,100,
1079,대전,15년미만,2021,150,
1080,대전,10년미만,2021,100,
1081,경남,3년미만,2021,50,
1082,서울,15년미만,2021,150,
1083,경기,15년미만,2021,200,
1084,경기,15년미만,2021,100,
1085,강원,5년미만,2021,30,
1086,경북,10년미만,2021,100,
1087,충남,20년미만,2021,200,
1088,경기,20년미만,2021,50,
1089,서울,15년미만,2021,100,
1090,인천,5년미만,2021,130,
1091,서울,15년미만,2021,100,
1092,전북,10년미만,2021,150,
1093,경남,20년미만,2021,100,
1094,경기,5년미만,2021,100,
1095,서울,20년미만,2021,100,
1096,경기,7년미만,2021,100,
1097,서울,7년미만,2021,50,
1098,경기,15년미만,2021,70,
1099,충북,20년이상,2021,150,
1100,경기,15년미만,2021,100,
1101,대전,7년미만,2021,200,
1102,경기,15년미만,2021,50,
1103,인천,20년이상,2021,100,
1104,경기,5년미만,2021,100,
1105,경북,15년미만,2021,120,
1106,충북,3년미만,2021,100,
1107,경북,10년미만,2021,100,
1108,경기,15년미만,2021,100,
1109,부산,10년미만,2021,300,
1110,경북,3년미만,2021,300,
1111,전남,10년미만,2021,100,
1112,서울,3년미만,2021,150,
1113,전남,20년미만,2021,200,
1114,서울,7년미만,2021,50,
1115,경기,20년이상,2021,50,
1116,인천,20년미만,2021,100,
1117,전남,20년미만,2021,200,
1118,경북,20년미만,2021,50,
1119,서울,20년이상,2021,100,
1120,경기,3년미만,2021,100,
1121,경기,10년미만,2021,150,
1122,강원,3년미만,2021,70,
1123,서울,20년미만,2021,300,
1124,서울,10년미만,2021,150,
1125,서울,10년미만,2021,150,
1126,경기,15년미만,2021,80,
1127,경기,5년미만,2021,80,
1128,경기,5년미만,2021,30,
1129,서울,10년미만,2021,100,
1130,경기,20년이상,2021,100,
1131,인천,10년미만,2021,50,
1132,경기,20년이상,2021,100,
1133,인천,20년미만,2021,70,
1134,경기,15년미만,2021,150,
1135,경기,10년미만,2021,100,
1136,부산,10년미만,2021,200,
1137,경남,10년미만,2021,100,
1138,서울,10년미만,2021,100,
1139,부산,3년미만,2021,100,
1140,전북,10년미만,2021,150,
1141,제주,7년미만,2021,500,
1142,경기,10년미만,2021,100,
1143,부산,10년미만,2021,100,
1144,전북,10년미만,2021,200,
1145,서울,20년이상,2021,100,
1146,경남,10년미만,2021,100,
1147,경남,10년미만,2021,30,
1148,경남,20년이상,2021,110,
1149,경남,20년미만,2021,50,
1150,경북,10년미만,2021,100,
1151,강원,5년미만,2021,200,
1152,강원,20년미만,2021,300,
1153,부산,3년미만,2021,200,
1154,서울,15년미만,2021,500,
1155,서울,20년미만,2021,50,
1156,경기,20년미만,2021,100,
1157,서울,5년미만,2021,200,
1158,인천,3년미만,2021,80,
1159,경남,20년미만,2021,100,
1160,광주,10년미만,2021,100,
1161,인천,7년미만,2021,250,
1162,경기,7년미만,2021,100,
1163,부산,10년미만,2021,100,
1164,전북,7년미만,2021,300,
1165,전북,20년이상,2021,200,
1166,충남,5년미만,2021,200,
1167,경북,15년미만,2021,30,
1168,경기,20년미만,2021,200,
1169,경기,20년미만,2021,250,
1170,충북,10년미만,2021,100,
1171,서울,20년이상,2021,100,
1172,제주,3년미만,2021,200,
1173,서울,15년미만,2021,100,
1174,경남,20년이상,2021,50,
1175,충북,5년미만,2021,100,
1176,경남,15년미만,2021,50,
1177,충북,15년미만,2021,200,
1178,경기,7년미만,2021,100,
1179,부산,1년미만,2021,50,
1180,인천,15년미만,2021,150,
1181,인천,15년미만,2021,100,
1182,경북,15년미만,2021,50,
1183,서울,7년미만,2021,100,
1184,서울,10년미만,2021,100,
1185,서울,3년미만,2021,100,
1186,서울,20년미만,2021,200,
1187,충북,3년미만,2021,100,
1188,충북,5년미만,2021,200,
1189,전북,7년미만,2021,100,
1190,경기,10년미만,2021,200,
1191,경기,7년미만,2021,50,
1192,경남,20년이상,2021,50,
1193,경남,15년미만,2021,100,
1194,대전,5년미만,2021,100,
1195,서울,10년미만,2021,100,
1196,경남,10년미만,2021,50,
1197,충북,5년미만,2021,200,
1198,충북,20년미만,2021,100,
1199,충북,15년미만,2021,150,
1200,경기,15년미만,2021,200,
1201,경기,15년미만,2021,100,
1202,전남,15년미만,2021,50,
1203,충북,20년미만,2021,50,
1204,경북,5년미만,2021,50,
1205,경남,5년미만,2021,100,
1206,대구,10년미만,2021,150,
1207,경기,7년미만,2021,50,
1208,대구,15년미만,2021,100,
1209,경기,10년미만,2021,100,
1210,서울,15년미만,2021,150,
1211,서울,20년이상,2021,100,
1212,대구,15년미만,2021,80,
1213,서울,15년미만,2021,100,
1214,경기,20년이상,2021,100,
1215,서울,15년미만,2021,100,
1216,서울,3년미만,2021,50,
1217,서울,5년미만,2021,100,
1218,서울,10년미만,2021,50,
1219,충남,20년이상,2021,300,
1220,서울,7년미만,2021,100,
1221,경남,15년미만,2021,100,
1222,서울,10년미만,2021,50,
1223,인천,5년미만,2021,20,
1224,경기,7년미만,2021,100,
1225,경기,5년미만,2021,50,
1226,서울,10년미만,2021,100,
1227,인천,20년이상,2021,80,
1228,경북,20년이상,2021,100,
1229,서울,10년미만,2021,200,
1230,전북,20년이상,2021,1000,
1231,전북,10년미만,2021,300,
1232,서울,10년미만,2021,100,
1233,인천,7년미만,2021,30,
1234,경기,15년미만,2021,70,
1235,경기,5년미만,2021,100,
1236,경남,10년미만,2021,100,
1237,충남,20년이상,2021,300,
1238,서울,20년이상,2021,100,
1239,경기,5년미만,2021,100,
1240,서울,10년미만,2021,200,
1241,서울,5년미만,2021,200,
1242,서울,3년미만,2021,100,
1243,전북,15년미만,2021,200,
1244,서울,7년미만,2021,200,
1245,부산,20년미만,2021,150,
1246,서울,15년미만,2021,150,
1247,부산,10년미만,2021,100,
1248,경기,15년미만,2021,200,
1249,부산,5년미만,2021,100,
1250,부산,10년미만,2021,200,
1251,울산,20년미만,2021,100,
1252,충북,10년미만,2021,200,
1253,충남,3년미만,2021,100,
1254,울산,1년미만,2021,200,
1255,충남,15년미만,2021,100,
1256,경남,15년미만,2021,300,
1257,부산,20년이상,2021,200,
1258,강원,20년미만,2021,200,
1259,경남,10년미만,2021,100,
1260,서울,7년미만,2021,100,
1261,경남,7년미만,2021,70,
1262,경기,20년이상,2021,150,
1263,강원,3년미만,2021,200,
1264,충남,20년미만,2021,200,
1265,전북,10년미만,2021,200,
1266,서울,7년미만,2021,300,
1267,인천,10년미만,2021,100,
1268,전북,15년미만,2021,200,
1269,부산,10년미만,2021,70,
1270,경남,3년미만,2021,100,
1271,서울,15년미만,2021,150,
1272,전북,7년미만,2021,200,
1273,경기,20년이상,2021,50,
1274,경기,10년미만,2021,150,
1275,부산,5년미만,2021,100,
1276,부산,20년이상,2021,100,
1277,경기,15년미만,2021,100,
1278,경북,1년미만,2021,100,
1279,충북,15년미만,2021,200,
1280,서울,10년미만,2021,100,
1281,전남,20년이상,2021,300,
1282,경남,15년미만,2021,100,
1283,경북,10년미만,2021,100,
1284,서울,10년미만,2021,100,
1285,울산,15년미만,2021,150,
1286,경기,20년미만,2021,100,
1287,경기,20년미만,2021,80,
1288,전남,20년미만,2021,200,
1289,서울,20년미만,2021,200,
1290,충남,10년미만,2021,100,
1291,부산,10년미만,2021,150,
1292,서울,20년이상,2021,100,
1293,부산,20년미만,2021,150,
1294,전북,3년미만,2021,500,
1295,대구,10년미만,2021,100,
1296,인천,15년미만,2021,100,
1297,서울,3년미만,2021,70,
1298,서울,15년미만,2021,100,
1299,전남,3년미만,2021,100,
1300,경남,20년미만,2021,50,
1301,대구,5년미만,2021,200,
1302,경기,20년미만,2021,200,
1303,인천,10년미만,2021,100,
1304,전북,15년미만,2021,250,
1305,울산,5년미만,2021,50,
1306,경남,15년미만,2021,50,
1307,경남,20년미만,2021,100,
1308,경남,7년미만,2021,100,
1309,서울,15년미만,2021,100,
1310,경기,1년미만,2021,100,
1311,인천,10년미만,2021,50,
1312,충남,15년미만,2021,150,
1313,대구,15년미만,2021,150,
1314,충남,20년미만,2021,200,
1315,부산,3년미만,2021,300,
1316,경남,20년이상,2021,50,
1317,경기,20년이상,2021,100,
1318,경기,10년미만,2021,100,
1319,서울,5년미만,2021,200,
1320,서울,10년미만,2021,100,
1321,서울,3년미만,2021,200,
1322,경기,20년이상,2021,100,
1323,경기,5년미만,2021,50,
1324,전북,5년미만,2021,200,
1325,경북,10년미만,2021,100,
1326,전북,5년미만,2021,200,
1327,전북,20년미만,2021,300,
1328,전북,7년미만,2021,200,
1329,인천,10년미만,2021,100,
1330,부산,7년미만,2021,200,
1331,충남,3년미만,2021,150,
1332,부산,5년미만,2021,100,
1333,충남,5년미만,2021,150,
1334,경남,7년미만,2021,100,
1335,경기,20년이상,2021,200,
1336,서울,5년미만,2021,100,
1337,경북,1년미만,2021,200,
1338,경기,7년미만,2021,200,
1339,충남,15년미만,2021,300,
1340,경북,7년미만,2021,100,
1341,경기,10년미만,2021,80,
1342,경기,15년미만,2021,80,
1343,부산,10년미만,2021,100,
1344,경기,10년미만,2021,200,
1345,전남,5년미만,2021,100,
1346,서울,20년미만,2021,100,
1347,서울,20년미만,2021,150,
1348,서울,20년이상,2021,50,
1349,울산,7년미만,2021,50,
1350,충북,10년미만,2021,100,
1351,광주,15년미만,2021,100,
1352,경기,20년이상,2021,300,
1353,전북,1년미만,2021,300,
1354,경기,7년미만,2021,150,
1355,인천,10년미만,2021,50,
1356,경기,7년미만,2021,50,
1357,경남,20년미만,2021,100,
1358,경기,7년미만,2021,150,
1359,서울,3년미만,2021,100,
1360,서울,1년미만,2021,100,
1361,울산,3년미만,2021,100,
1362,경기,10년미만,2021,80,
1363,서울,3년미만,2021,300,
1364,경기,7년미만,2021,70,
1365,경기,7년미만,2021,200,
1366,경기,10년미만,2021,100,
1367,경기,20년미만,2021,50,
1368,전남,20년미만,2021,200,
1369,강원,7년미만,2021,200,
1370,인천,15년미만,2021,70,
1371,인천,10년미만,2021,70,
1372,강원,15년미만,2021,300,
1373,경기,20년이상,2021,50,
1374,부산,15년미만,2021,70,
1375,충북,7년미만,2021,200,
1376,경기,3년미만,2021,30,
1377,울산,1년미만,2021,200,
1378,경기,10년미만,2021,100,
1379,서울,20년미만,2021,100,
1380,서울,5년미만,2021,200,
1381,전북,15년미만,2021,300,
1382,경남,15년미만,2021,70,
1383,서울,5년미만,2021,300,
1384,부산,5년미만,2021,100,
1385,부산,15년미만,2021,150,
1386,충남,5년미만,2021,50,
1387,부산,7년미만,2021,50,
1388,경기,15년미만,2021,200,
1389,전북,5년미만,2021,500,
1390,인천,15년미만,2021,80,
1391,경기,3년미만,2021,50,
1392,경기,15년미만,2021,200,
1393,광주,20년미만,2021,200,
1394,경기,15년미만,2021,80,
1395,전북,7년미만,2021,300,
1396,전북,10년미만,2021,100,
1397,경기,10년미만,2021,60,
1398,강원,20년이상,2021,300,
1399,인천,20년이상,2021,100,
1400,경기,15년미만,2021,100,
1401,울산,7년미만,2021,100,
1402,경기,20년이상,2021,90,
1403,전남,20년이상,2021,300,
1404,광주,7년미만,2021,100,
1405,경남,20년미만,2021,500,
1406,경기,3년미만,2021,200,
1407,경기,20년미만,2021,100,
1408,경남,20년이상,2021,85,
1409,울산,10년미만,2021,300,
1410,경기,20년이상,2021,100,
1411,울산,20년미만,2021,100,
1412,부산,20년이상,2021,100,
1413,부산,10년미만,2021,150,
1414,제주,15년미만,2021,200,
1415,울산,20년미만,2021,200,
1416,서울,3년미만,2021,200,
1417,대구,7년미만,2021,200,
1418,광주,20년미만,2021,700,
1419,울산,15년미만,2021,200,
1420,경기,3년미만,2021,100,
1421,서울,7년미만,2021,100,
1422,경기,5년미만,2021,200,
1423,경기,10년미만,2021,150,
1424,경북,10년미만,2021,100,
1425,광주,3년미만,2021,150,
1426,경기,7년미만,2021,100,
1427,경기,20년이상,2021,50,
1428,경기,10년미만,2021,50,
1429,인천,20년이상,2021,200,
1430,서울,20년미만,2021,100,
1431,경북,7년미만,2021,300,
1432,대전,10년미만,2021,100,
1433,경북,20년이상,2021,200,
1434,서울,20년미만,2021,200,
1435,인천,5년미만,2021,80,
1436,전북,5년미만,2021,200,
1437,광주,10년미만,2021,200,
1438,전북,5년미만,2021,300,
1439,전북,10년미만,2021,200,
1440,부산,15년미만,2021,100,
1441,경남,10년미만,2021,300,
1442,충남,10년미만,2021,200,
1443,부산,20년미만,2021,200,
1444,경기,10년미만,2021,300,
1445,충남,15년미만,2021,300,
1446,경기,15년미만,2021,50,
1447,경남,5년미만,2021,200,
1448,충북,3년미만,2021,200,
1449,전북,20년이상,2021,200,
1450,전북,10년미만,2021,200,
1451,대전,20년미만,2021,50,
1452,경기,10년미만,2021,80,
1453,부산,10년미만,2021,50,
1454,경기,15년미만,2021,500,
1455,경기,20년미만,2021,50,
1456,부산,3년미만,2021,300,
1457,부산,15년미만,2021,100,
1458,경남,15년미만,2021,200,
1459,경남,15년미만,2021,100,
1460,부산,10년미만,2021,100,
1461,경기,7년미만,2021,300,
1462,대전,7년미만,2021,50,
1463,인천,3년미만,2021,100,
1464,경기,15년미만,2021,100,
1465,인천,10년미만,2021,50,
1466,경기,5년미만,2021,100,
1467,인천,20년이상,2021,100,
1468,대구,15년미만,2021,300,
1469,인천,7년미만,2021,80,
1470,대구,7년미만,2021,100,
1471,서울,10년미만,2021,100,
1472,전북,20년이상,2021,500,
1473,서울,3년미만,2021,300,
1474,부산,15년미만,2021,100,
1475,서울,7년미만,2021,150,
1476,부산,15년미만,2021,200,
1477,강원,20년미만,2021,100,
1478,부산,15년미만,2021,200,
1479,강원,20년미만,2021,300,
1480,경남,3년미만,2021,80,
1481,서울,3년미만,2021,100,
1482,경기,7년미만,2021,50,
1483,부산,15년미만,2021,100,
1484,부산,20년이상,2021,200,
1485,강원,20년이상,2021,100,
1486,대구,10년미만,2021,300,
1487,경기,15년미만,2021,50,
1488,대구,7년미만,2021,100,
1489,대구,5년미만,2021,50,
1490,대구,10년미만,2021,200,
1491,서울,7년미만,2021,300,
1492,인천,20년이상,2021,150,
1493,제주,20년미만,2021,150,
1494,경기,7년미만,2021,200,
1495,경기,10년미만,2021,100,
1496,서울,15년미만,2021,200,
1497,전북,5년미만,2021,200,
1498,제주,3년미만,2021,200,
1499,경기,7년미만,2021,150,
1500,전북,3년미만,2021,200,
1501,충남,10년미만,2021,200,
1502,경기,15년미만,2021,100,
1503,제주,5년미만,2021,100,
1504,부산,10년미만,2021,100,
1505,경남,20년이상,2021,100,
1506,서울,20년이상,2021,150,
1507,서울,5년미만,2021,100,
1508,세종,20년미만,2021,50,
1509,부산,15년미만,2021,150,
1510,경기,3년미만,2021,100,
1511,부산,10년미만,2021,100,
1512,부산,15년미만,2021,150,
1513,경기,10년미만,2021,200,
1514,대구,15년미만,2021,200,
1515,대전,3년미만,2021,100,
1516,경기,15년미만,2021,50,
1517,전남,5년미만,2021,100,
1518,경기,7년미만,2021,100,
1519,강원,3년미만,2021,50,
1520,대전,3년미만,2021,100,
1521,대구,10년미만,2021,150,
1522,충북,20년이상,2021,50,
1523,부산,15년미만,2021,50,
1524,부산,5년미만,2021,100,
1525,대구,5년미만,2021,800,
1526,경기,15년미만,2021,100,
1527,경기,20년이상,2021,100,
1528,대구,7년미만,2021,300,
1529,경기,5년미만,2021,100,
1530,경남,5년미만,2021,50,
1531,서울,5년미만,2021,200,
1532,서울,10년미만,2021,300,
1533,대구,7년미만,2021,100,
1534,대구,7년미만,2021,100,
1535,경남,20년이상,2021,200,
1536,부산,10년미만,2021,200,
1537,경남,20년미만,2021,100,
1538,인천,20년이상,2021,300,
1539,대구,7년미만,2021,200,
1540,대구,15년미만,2021,200,
1541,대구,15년미만,2021,150,
1542,대구,10년미만,2021,200,
1543,충남,7년미만,2021,150,
1544,전북,20년이상,2021,100,
1545,경기,20년이상,2021,150,
1546,경남,15년미만,2021,100,
1547,인천,7년미만,2021,100,
1548,경기,10년미만,2021,50,
1549,경기,3년미만,2021,200,
1550,경기,7년미만,2021,50,
1551,경기,15년미만,2021,50,
1552,경기,5년미만,2021,50,
1553,전남,10년미만,2021,200,
1554,경기,20년미만,2021,40,
1555,강원,20년이상,2021,300,
1556,경북,20년미만,2021,150,
1557,광주,10년미만,2021,200,
1558,경남,5년미만,2021,50,
1559,경기,3년미만,2021,50,
1560,경기,20년미만,2021,30,
1561,강원,5년미만,2021,100,
1562,부산,15년미만,2021,200,
1563,부산,20년이상,2021,80,
1564,충남,7년미만,2021,200,
1565,인천,20년이상,2021,200,
1566,인천,20년이상,2021,70,
1567,인천,10년미만,2021,80,
1568,대구,5년미만,2021,100,
1569,인천,10년미만,2021,50,
1570,강원,10년미만,2021,200,
1571,충북,5년미만,2021,300,
1572,충남,20년이상,2021,200,
1573,전북,3년미만,2021,300,
1574,광주,3년미만,2021,50,
1575,강원,20년미만,2021,150,
1576,경남,5년미만,2021,30,
1577,부산,5년미만,2021,200,
1578,전남,20년미만,2021,200,
1579,서울,15년미만,2021,100,
1580,경기,20년미만,2021,300,
1581,경기,10년미만,2021,100,
1582,충남,20년미만,2021,200,
1583,광주,7년미만,2021,1000,
1584,광주,20년미만,2021,150,
1585,인천,15년미만,2021,100,
1586,서울,15년미만,2021,100,
1587,서울,7년미만,2021,200,
1588,경기,5년미만,2021,30,
1589,서울,15년미만,2021,100,
1590,인천,20년이상,2021,200,
1591,경북,10년미만,2021,250,
1592,경남,15년미만,2021,100,
1593,경남,15년미만,2021,100,
1594,부산,15년미만,2021,50,
1595,서울,15년미만,2021,300,
1596,강원,3년미만,2021,200,
1597,울산,20년이상,2021,100,
1598,경기,3년미만,2021,130,
1599,경기,10년미만,2021,80,
1600,강원,20년미만,2021,100,
1601,전남,15년미만,2021,100,
1602,경기,5년미만,2021,150,
1603,경남,20년이상,2021,50,
1604,서울,10년미만,2021,100,
1605,광주,20년이상,2021,200,
1606,서울,7년미만,2021,100,
1607,전남,15년미만,2021,200,
1608,인천,15년미만,2021,150,
1609,경남,15년미만,2021,100,
1610,대구,3년미만,2021,200,
1611,대구,10년미만,2021,500,
1612,부산,20년이상,2021,200,
1613,서울,20년이상,2021,100,
1614,대구,10년미만,2021,200,
1615,서울,10년미만,2021,80,
1616,대구,20년미만,2021,50,
1617,경북,10년미만,2021,100,
1618,울산,3년미만,2021,50,
1619,경북,7년미만,2021,150,
1620,대구,7년미만,2021,100,
1621,경기,7년미만,2021,100,
1622,광주,15년미만,2021,700,
1623,서울,20년이상,2021,80,
1624,경남,15년미만,2021,50,
1625,서울,20년미만,2021,200,
1626,경남,3년미만,2021,70,
1627,충북,15년미만,2021,100,
1628,서울,15년미만,2021,50,
1629,부산,5년미만,2021,70,
1630,부산,20년이상,2021,100,
1631,강원,5년미만,2021,200,
1632,경기,10년미만,2021,50,
1633,경기,15년미만,2021,100,
1634,전남,3년미만,2021,200,
1635,충북,10년미만,2021,300,
1636,경기,20년이상,2021,50,
1637,울산,20년이상,2021,100,
1638,전북,20년이상,2021,300,
1639,충북,20년이상,2021,200,
1640,전북,5년미만,2021,200,
1641,전북,10년미만,2021,200,
1642,서울,10년미만,2021,100,
1643,인천,3년미만,2021,100,
1644,인천,15년미만,2021,80,
1645,충북,5년미만,2021,300,
1646,경남,7년미만,2021,50,
1647,충북,5년미만,2021,200,
1648,광주,7년미만,2021,200,
1649,부산,20년미만,2021,200,
1650,광주,3년미만,2021,200,
1651,강원,10년미만,2021,250,
1652,경북,5년미만,2021,30,
1653,강원,15년미만,2021,300,
1654,부산,20년미만,2021,100,
1655,경기,20년미만,2021,100,
1656,인천,5년미만,2021,150,
1657,경기,3년미만,2021,100,
1658,전남,5년미만,2021,100,
1659,경기,20년미만,2021,50,
1660,서울,5년미만,2021,80,
1661,충남,20년이상,2021,200,
1662,충남,7년미만,2021,500,
1663,경기,20년이상,2021,150,
1664,충남,7년미만,2021,100,
1665,전북,3년미만,2021,300,
1666,경기,3년미만,2021,300,
1667,부산,10년미만,2021,100,
1668,부산,7년미만,2021,300,
1669,경기,20년미만,2021,100,
1670,경남,20년이상,2021,150,
1671,부산,15년미만,2021,100,
1672,경기,15년미만,2021,80,
1673,경남,15년미만,2021,100,
1674,서울,3년미만,2021,200,
1675,경기,3년미만,2021,100,
1676,경기,15년미만,2021,100,
1677,제주,20년미만,2021,100,
1678,인천,7년미만,2021,50,
1679,경기,7년미만,2021,150,
1680,경남,5년미만,2021,50,
1681,경기,20년이상,2021,100,
1682,부산,20년미만,2021,70,
1683,세종,5년미만,2021,100,
1684,대전,7년미만,2021,150,
1685,부산,20년이상,2021,300,
1686,경기,5년미만,2021,50,
1687,경남,20년미만,2021,200,
1688,강원,20년이상,2021,200,
1689,충남,5년미만,2021,50,
1690,대구,10년미만,2021,300,
1691,전남,20년이상,2021,200,
1692,전남,10년미만,2021,200,
1693,제주,20년미만,2021,150,
1694,충남,20년이상,2021,200,
1695,전남,7년미만,2021,200,
1696,대구,15년미만,2021,50,
1697,대전,20년이상,2021,300,
1698,경남,3년미만,2021,50,
1699,경남,15년미만,2021,100,
1700,전남,7년미만,2021,150,
1701,울산,20년이상,2021,200,
1702,울산,20년미만,2021,300,
1703,경기,10년미만,2021,50,
1704,대구,7년미만,2021,150,
1705,울산,5년미만,2021,100,
1706,광주,3년미만,2021,150,
1707,대구,20년이상,2021,150,
1708,경기,10년미만,2021,50,
1709,경남,20년미만,2021,100,
1710,대구,15년미만,2021,100,
1711,서울,3년미만,2021,100,
1712,대구,1년미만,2021,200,
1713,서울,15년미만,2021,50,
1714,경북,7년미만,2021,300,
1715,경북,20년미만,2021,200,
1716,경기,5년미만,2021,150,
1717,서울,7년미만,2021,300,
1718,충남,15년미만,2021,300,
1719,충남,10년미만,2021,100,
1720,경북,10년미만,2021,150,
1721,서울,7년미만,2021,200,
1722,부산,5년미만,2021,100,
1723,광주,20년미만,2021,300,
1724,강원,7년미만,2021,200,
1725,충북,7년미만,2021,70,
1726,경기,10년미만,2021,100,
1727,울산,20년이상,2021,200,
1728,부산,15년미만,2021,300,
1729,충북,10년미만,2021,80,
1730,부산,7년미만,2021,300,
1731,충남,5년미만,2021,150,
1732,대구,20년이상,2021,150,
1733,광주,3년미만,2021,100,
1734,경기,3년미만,2021,50,
1735,경기,20년미만,2021,50,
1736,대구,20년미만,2021,150,
1737,부산,15년미만,2021,200,
1738,경남,20년이상,2021,50,
1739,광주,15년미만,2021,200,
1740,제주,15년미만,2021,200,
1741,경기,3년미만,2021,50,
1742,대구,10년미만,2021,100,
1743,대구,20년미만,2021,100,
1744,경기,15년미만,2021,50,
1745,경기,7년미만,2021,100,
1746,경기,20년이상,2021,100,
1747,충남,20년이상,2021,200,
1748,충남,7년미만,2021,300,
1749,경남,5년미만,2021,200,
1750,인천,5년미만,2021,100,
1751,경기,20년이상,2021,500,
1752,충남,5년미만,2021,100,
1753,충남,20년이상,2021,300,
1754,대구,3년미만,2021,50,
1755,대구,7년미만,2021,100,
1756,충북,20년미만,2021,270,
1757,부산,3년미만,2021,50,
1758,경남,20년미만,2021,200,
1759,충북,20년미만,2021,200,
1760,경기,7년미만,2021,150,
1761,충남,7년미만,2021,150,
1762,경기,10년미만,2021,80,
1763,충남,20년미만,2021,100,
1764,경남,10년미만,2021,50,
1765,경남,3년미만,2021,200,
1766,경기,7년미만,2021,50,
1767,충남,3년미만,2021,300,
1768,경북,20년미만,2021,300,
1769,대구,20년미만,2021,150,
1770,경기,15년미만,2021,50,
1771,경기,20년이상,2021,100,
1772,충남,20년미만,2021,200,
1773,광주,20년이상,2021,500,
1774,광주,10년미만,2021,30,
1775,전북,5년미만,2021,200,
1776,경기,10년미만,2021,500,
1777,경기,3년미만,2021,100,
1778,경기,3년미만,2021,50,
1779,서울,7년미만,2021,300,
1780,부산,20년이상,2021,200,
1781,경기,3년미만,2021,100,
1782,전북,5년미만,2021,100,
1783,전북,15년미만,2021,90,
1784,서울,7년미만,2021,200,
1785,부산,15년미만,2021,50,
1786,강원,20년미만,2021,250,
1787,경기,7년미만,2021,50,
1788,경기,20년미만,2021,250,
1789,경북,15년미만,2021,100,
1790,경북,15년미만,2021,200,
1791,인천,3년미만,2021,50,
1792,경기,3년미만,2021,150,
1793,경남,20년미만,2021,50,
1794,경남,15년미만,2021,300,
1795,경남,7년미만,2021,100,
1796,경기,5년미만,2021,100,
1797,경북,10년미만,2021,100,
1798,경남,10년미만,2021,100,
1799,대전,3년미만,2021,100,
1800,경기,5년미만,2021,50,
1801,경기,20년미만,2021,100,
1802,경남,10년미만,2021,150,
1803,충남,10년미만,2021,200,
1804,대구,7년미만,2021,200,
1805,충북,10년미만,2021,200,
1806,광주,15년미만,2021,300,
1807,경북,7년미만,2021,200,
1808,전북,10년미만,2021,100,
1809,부산,15년미만,2021,300,
1810,울산,20년이상,2021,100,
1811,경남,7년미만,2021,50,
1812,울산,10년미만,2021,100,
1813,전남,20년미만,2021,100,
1814,경기,7년미만,2021,100,
1815,경기,10년미만,2021,150,
1816,부산,10년미만,2021,300,
1817,부산,20년이상,2021,50,
1818,전남,10년미만,2021,100,
1819,강원,3년미만,2021,300,
1820,서울,1년미만,2021,100,
1821,전남,3년미만,2021,100,
1822,경기,20년이상,2021,80,
1823,경기,20년미만,2021,100,
1824,서울,20년미만,2021,100,
1825,인천,10년미만,2021,250,
1826,경기,3년미만,2021,100,
1827,서울,15년미만,2021,150,
1828,경남,3년미만,2021,200,
1829,전북,20년미만,2021,200,
1830,경남,7년미만,2021,50,
1831,경남,5년미만,2021,50,
1832,충북,10년미만,2021,250,
1833,경기,10년미만,2021,300,
1834,울산,20년이상,2021,100,
1835,서울,10년미만,2021,200,
1836,전남,15년미만,2021,150,
1837,서울,7년미만,2021,100,
1838,충북,3년미만,2021,200,
1839,인천,20년미만,2021,500,
1840,광주,5년미만,2021,100,
1841,경남,3년미만,2021,100,
1842,경남,20년이상,2021,200,
1843,강원,10년미만,2021,200,
1844,서울,3년미만,2021,100,
1845,경기,3년미만,2021,200,
1846,경기,15년미만,2021,50,
1847,경기,5년미만,2021,200,
1848,경기,10년미만,2021,200,
1849,경기,3년미만,2021,100,
1850,경기,5년미만,2021,100,
1851,경기,15년미만,2021,100,
1852,경남,3년미만,2021,50,
1853,인천,3년미만,2021,100,
1854,경기,15년미만,2021,100,
1855,인천,7년미만,2021,300,
1856,경기,3년미만,2021,100,
1857,부산,20년이상,2021,100,
1858,경기,7년미만,2021,50,
1859,서울,3년미만,2021,100,
1860,대전,10년미만,2021,50,
1861,경기,10년미만,2021,200,
1862,경기,1년미만,2021,100,
1863,경기,20년미만,2021,250,
1864,경기,15년미만,2021,100,
1865,광주,20년이상,2021,200,
1866,충남,7년미만,2021,100,
1867,광주,10년미만,2021,200,
1868,충남,7년미만,2021,100,
1869,경남,5년미만,2021,50,
1870,경기,7년미만,2021,50,
1871,전남,7년미만,2021,50,
1872,경북,3년미만,2021,200,
1873,충북,5년미만,2021,150,
1874,서울,20년미만,2021,100,
1875,경남,3년미만,2021,100,
1876,부산,3년미만,2021,50,
1877,광주,10년미만,2021,100,
1878,서울,15년미만,2021,100,
1879,경남,15년미만,2021,70,
1880,충북,20년미만,2021,200,
1881,서울,10년미만,2021,100,
1882,광주,15년미만,2021,200,
1883,대구,10년미만,2021,150,
1884,인천,20년미만,2021,500,
1885,경북,10년미만,2021,100,
1886,경기,15년미만,2021,100,
1887,인천,3년미만,2021,100,
1888,인천,20년이상,2021,300,
1889,경남,20년이상,2021,200,
1890,인천,20년이상,2021,200,
1891,인천,15년미만,2021,200,
1892,서울,7년미만,2021,300,
1893,서울,3년미만,2021,100,
1894,서울,5년미만,2021,500,
1895,경기,5년미만,2021,150,
1896,경북,15년미만,2021,200,
1897,경기,20년이상,2021,150,
1898,경기,20년미만,2021,100,
1899,서울,7년미만,2021,50,
1900,서울,3년미만,2021,100,
1901,서울,10년미만,2021,150,
1902,서울,20년이상,2021,50,
1903,서울,5년미만,2021,200,
1904,경북,15년미만,2021,200,
1905,인천,5년미만,2021,150,
1906,강원,10년미만,2021,200,
1907,서울,5년미만,2021,150,
1908,부산,10년미만,2021,200,
1909,충북,7년미만,2021,300,
1910,서울,10년미만,2021,200,
1911,부산,1년미만,2021,500,
1912,경기,7년미만,2021,150,
1913,경기,10년미만,2021,50,
1914,전북,7년미만,2021,200,
1915,부산,20년이상,2021,50,
1916,경북,15년미만,2021,200,
1917,경기,5년미만,2021,100,
1918,경기,10년미만,2021,150,
1919,대구,10년미만,2021,100,
1920,경기,10년미만,2021,300,
1921,전북,20년이상,2021,100,
1922,서울,10년미만,2021,200,
1923,대구,5년미만,2021,300,
1924,대구,7년미만,2021,200,
1925,충북,10년미만,2021,100,
1926,경기,5년미만,2021,150,
1927,경기,7년미만,2021,100,
1928,충북,7년미만,2021,400,
1929,울산,20년이상,2021,300,
1930,인천,20년미만,2021,50,
1931,경기,5년미만,2021,100,
1932,인천,5년미만,2021,80,
1933,경기,10년미만,2021,100,
1934,울산,15년미만,2021,300,
1935,경북,5년미만,2021,200,
1936,경남,15년미만,2021,150,
1937,제주,10년미만,2021,100,
1938,광주,3년미만,2021,50,
1939,강원,10년미만,2021,100,
1940,경북,5년미만,2021,100,
1941,전남,20년미만,2021,100,
1942,충북,5년미만,2021,150,
1943,경남,15년미만,2021,200,
1944,경남,7년미만,2021,100,
1945,부산,5년미만,2021,200,
1946,경남,10년미만,2021,50,
1947,경남,10년미만,2021,150,
1948,광주,15년미만,2021,300,
1949,서울,3년미만,2021,200,
1950,경기,7년미만,2021,100,
1951,경남,15년미만,2021,50,
1952,인천,20년미만,2021,200,
1953,경남,20년이상,2021,50,
1954,경북,15년미만,2021,300,
1955,전남,20년이상,2021,300,
1956,대구,20년미만,2021,150,
1957,경기,3년미만,2021,200,
1958,전남,7년미만,2021,100,
1959,경남,15년미만,2021,50,
1960,경북,20년이상,2021,300,
1961,광주,5년미만,2021,100,
1962,서울,20년미만,2021,300,
1963,충남,5년미만,2021,100,
1964,서울,10년미만,2021,100,
1965,서울,7년미만,2021,300,
1966,경기,10년미만,2021,300,
1967,서울,10년미만,2021,100,
1968,경기,5년미만,2021,150,
1969,경북,7년미만,2021,120,
1970,경기,15년미만,2021,120,
1971,서울,10년미만,2021,100,
1972,경기,15년미만,2021,100,
1973,서울,7년미만,2021,150,
1974,경남,15년미만,2021,100,
1975,서울,5년미만,2021,200,
1976,경기,5년미만,2021,50,
1977,서울,7년미만,2021,150,
1978,경기,20년이상,2021,100,
1979,경기,10년미만,2021,100,
1980,경기,5년미만,2021,100,
1981,인천,10년미만,2021,150,
1982,서울,15년미만,2021,100,
1983,부산,20년이상,2021,100,
1984,울산,20년이상,2021,150,
1985,경남,7년미만,2021,200,
1986,경남,20년이상,2021,30,
1987,전북,5년미만,2021,300,
1988,서울,3년미만,2021,100,
1989,경남,15년미만,2021,300,
1990,경기,7년미만,2021,200,
1991,전북,15년미만,2021,200,
1992,경기,5년미만,2021,50,
1993,경기,10년미만,2021,150,
1994,경남,5년미만,2021,70,
1995,경북,5년미만,2021,100,
1996,경남,5년미만,2021,70,
1997,경기,3년미만,2021,50,
1998,경기,7년미만,2021,50,
1999,인천,3년미만,2021,100,
2000,충남,3년미만,2021,200,
2001,인천,5년미만,2021,100,
2002,경기,3년미만,2021,300,
2003,경기,15년미만,2021,250,
2004,서울,7년미만,2021,150,
2005,경남,15년미만,2021,200,
2006,경기,5년미만,2021,300,
2007,경기,3년미만,2021,80,
2008,대전,20년이상,2021,200,
2009,경기,20년미만,2021,300,
2010,경기,20년이상,2021,200,
2011,서울,10년미만,2021,150,
2012,경기,20년이상,2021,200,
2013,서울,5년미만,2021,300,
2014,인천,3년미만,2021,150,
2015,경기,15년미만,2021,150,
2016,경기,10년미만,2021,100,
2017,경북,20년이상,2021,300,
2018,경기,5년미만,2021,80,
2019,강원,7년미만,2021,100,
2020,경북,10년미만,2021,120,
2021,경기,3년미만,2021,100,
2022,서울,7년미만,2021,200,
2023,서울,10년미만,2021,100,
2024,서울,10년미만,2021,100,
2025,경남,7년미만,2021,150,
2026,경기,20년미만,2021,200,
2027,경남,20년이상,2021,100,
2028,대구,15년미만,2021,300,
2029,경북,5년미만,2021,300,
2030,경기,20년미만,2021,100,
2031,경남,15년미만,2021,200,
2032,경남,7년미만,2021,150,
2033,경기,15년미만,2021,50,
2034,경기,20년미만,2021,150,
2035,전북,20년미만,2021,50,
2036,경기,20년이상,2021,100,
2037,전남,20년이상,2021,200,
2038,경기,20년미만,2021,150,
2039,대구,20년미만,2021,300,
2040,경북,3년미만,2021,200,
2041,부산,20년미만,2021,150,
2042,전북,20년미만,2021,300,
2043,서울,5년미만,2021,200,
2044,서울,3년미만,2021,50,
2045,전북,7년미만,2021,150,
2046,전남,15년미만,2021,200,
2047,서울,10년미만,2021,100,
2048,경기,3년미만,2021,100,
2049,경기,10년미만,2021,100,
2050,경남,10년미만,2021,150,
2051,전남,20년이상,2021,200,
2052,경북,20년이상,2021,100,
2053,경기,20년미만,2021,150,
2054,강원,7년미만,2021,200,
2055,경기,5년미만,2021,150,
2056,경기,20년미만,2021,100,
2057,서울,10년미만,2021,100,
2058,전남,7년미만,2021,200,
2059,인천,7년미만,2021,10,
2060,대전,5년미만,2021,150,
2061,전남,3년미만,2021,200,
2062,경기,10년미만,2021,50,
2063,제주,3년미만,2021,100,
2064,경북,15년미만,2021,100,
2065,전남,7년미만,2021,200,
2066,부산,15년미만,2021,100,
2067,부산,3년미만,2021,200,
2068,전북,20년이상,2021,200,
2069,경남,7년미만,2021,100,
2070,부산,10년미만,2021,200,
2071,경기,10년미만,2021,80,
2072,부산,5년미만,2021,100,
2073,경기,20년이상,2021,200,
2074,부산,10년미만,2021,50,
2075,부산,7년미만,2021,100,
2076,부산,15년미만,2021,150,
2077,서울,10년미만,2021,150,
2078,강원,20년이상,2021,100,
2079,서울,5년미만,2021,80,
2080,경남,10년미만,2021,50,
2081,부산,15년미만,2021,200,
2082,경남,10년미만,2021,70,
2083,부산,20년미만,2021,100,
2084,충남,10년미만,2021,200,
2085,충남,5년미만,2021,50,
2086,인천,3년미만,2021,80,
2087,경남,15년미만,2021,50,
2088,울산,15년미만,2021,200,
2089,경북,3년미만,2021,200,
2090,경기,20년이상,2021,500,
2091,경남,20년미만,2021,150,
2092,울산,5년미만,2021,250,
2093,경북,20년이상,2021,200,
2094,경북,20년미만,2021,100,
2095,경기,10년미만,2021,200,
2096,충남,7년미만,2021,150,
2097,경남,10년미만,2021,100,
2098,전남,10년미만,2021,200,
2099,전남,20년미만,2021,300,
2100,대구,3년미만,2021,100,
2101,경기,20년미만,2021,150,
2102,경기,20년이상,2021,300,
2103,경기,15년미만,2021,50,
2104,경남,5년미만,2021,50,
2105,경기,5년미만,2021,200,
2106,강원,7년미만,2021,100,
2107,강원,10년미만,2021,200,
2108,경기,5년미만,2021,200,
2109,충남,7년미만,2021,100,
2110,경기,15년미만,2021,100,
2111,광주,3년미만,2021,150,
2112,대구,10년미만,2021,100,
2113,서울,10년미만,2021,100,
2114,서울,20년미만,2021,100,
2115,서울,20년미만,2021,70,
2116,경기,10년미만,2021,200,
2117,경기,15년미만,2021,100,
2118,경기,7년미만,2021,100,
2119,서울,5년미만,2021,200,
2120,서울,15년미만,2021,150,
2121,경남,20년이상,2021,100,
2122,광주,7년미만,2021,30,
2123,서울,15년미만,2021,50,
2124,서울,7년미만,2021,100,
2125,울산,20년미만,2021,300,
2126,경남,5년미만,2021,100,
2127,서울,7년미만,2021,70,
2128,서울,15년미만,2021,150,
2129,인천,10년미만,2021,100,
2130,경북,10년미만,2021,200,
2131,서울,5년미만,2021,100,
2132,경북,15년미만,2021,200,
2133,인천,15년미만,2021,100,
2134,서울,15년미만,2021,150,
2135,서울,15년미만,2021,100,
2136,경기,7년미만,2021,50,
2137,경북,7년미만,2021,70,
2138,제주,7년미만,2021,300,
2139,서울,20년이상,2021,100,
2140,서울,3년미만,2021,200,
2141,경북,3년미만,2021,50,
2142,강원,1년미만,2021,70,
2143,부산,15년미만,2021,100,
2144,경남,3년미만,2021,100,
2145,경남,15년미만,2021,100,
2146,경북,7년미만,2021,300,
2147,충남,15년미만,2021,300,
2148,경북,1년미만,2021,100,
2149,충북,5년미만,2021,200,
2150,부산,5년미만,2021,50,
2151,서울,20년미만,2021,100,
2152,경북,20년이상,2021,100,
2153,서울,3년미만,2021,100,
2154,서울,7년미만,2021,300,
2155,경기,20년이상,2021,100,
2156,서울,5년미만,2021,100,
2157,경남,3년미만,2021,150,
2158,경기,15년미만,2021,100,
2159,경기,20년이상,2021,50,
2160,경기,20년미만,2021,50,
2161,강원,10년미만,2021,300,
2162,부산,5년미만,2021,150,
2163,부산,10년미만,2021,150,
2164,서울,5년미만,2021,100,
2165,서울,15년미만,2021,150,
2166,경기,7년미만,2021,500,
2167,서울,15년미만,2021,200,
2168,충북,20년미만,2021,500,
2169,경기,20년이상,2021,200,
2170,경기,10년미만,2021,200,
2171,서울,10년미만,2021,200,
2172,강원,15년미만,2021,150,
2173,충북,10년미만,2021,500,
2174,인천,20년이상,2021,150,
2175,경기,3년미만,2021,80,
2176,인천,20년미만,2021,100,
2177,울산,20년미만,2021,300,
2178,부산,10년미만,2021,50,
2179,서울,5년미만,2021,150,
2180,인천,15년미만,2021,50,
2181,인천,7년미만,2021,30,
2182,부산,10년미만,2021,200,
2183,경기,20년미만,2021,100,
2184,서울,20년미만,2021,50,
2185,경기,5년미만,2021,80,
2186,충북,7년미만,2021,50,
2187,경기,10년미만,2021,100,
2188,전남,7년미만,2021,300,
2189,충북,7년미만,2021,300,
2190,경기,7년미만,2021,100,
2191,경기,3년미만,2021,150,
2192,서울,20년이상,2021,150,
2193,경기,20년이상,2021,50,
2194,울산,3년미만,2021,100,
2195,전남,15년미만,2021,100,
2196,서울,15년미만,2021,80,
2197,광주,3년미만,2021,100,
2198,전남,3년미만,2021,100,
2199,경북,3년미만,2021,120,
2200,인천,20년미만,2021,100,
2201,서울,5년미만,2021,50,
2202,서울,5년미만,2021,80,
2203,대전,3년미만,2021,50,
2204,경북,20년이상,2021,70,
2205,경기,10년미만,2021,50,
2206,경기,10년미만,2021,200,
2207,경북,10년미만,2021,50,
2208,경기,15년미만,2021,150,
2209,경남,10년미만,2021,200,
2210,전북,15년미만,2021,500,
2211,울산,15년미만,2021,300,
2212,서울,20년이상,2021,100,
2213,경북,20년미만,2021,150,
2214,강원,15년미만,2021,70,
2215,충북,3년미만,2021,200,
2216,제주,5년미만,2021,100,
2217,울산,15년미만,2021,200,
2218,경북,10년미만,2021,100,
2219,울산,20년이상,2021,200,
2220,경북,5년미만,2021,100,
2221,충남,10년미만,2021,100,
2222,충남,15년미만,2021,100,
2223,인천,7년미만,2021,150,
2224,경기,20년이상,2021,100,
2225,서울,5년미만,2021,100,
2226,서울,3년미만,2021,200,
2227,경기,3년미만,2021,100,
2228,경기,3년미만,2021,100,
2229,경기,7년미만,2021,80,
2230,광주,7년미만,2021,100,
2231,광주,3년미만,2021,50,
2232,경기,15년미만,2021,100,
2233,경기,20년이상,2021,90,
2234,경기,3년미만,2021,100,
2235,서울,10년미만,2021,200,
2236,경기,5년미만,2021,50,
2237,전남,15년미만,2021,200,
2238,서울,5년미만,2021,150,
2239,전남,20년이상,2021,150,
2240,울산,5년미만,2021,200,
2241,경기,20년미만,2021,200,
2242,전남,5년미만,2021,150,
2243,부산,7년미만,2021,100,
2244,울산,15년미만,2021,50,
2245,전남,10년미만,2021,100,
2246,대전,3년미만,2021,150,
2247,경기,3년미만,2021,500,
2248,경북,15년미만,2021,100,
2249,충남,7년미만,2021,100,
2250,경남,7년미만,2021,100,
2251,전남,3년미만,2021,100,
2252,대구,20년이상,2021,200,
2253,서울,15년미만,2021,100,
2254,경남,3년미만,2021,100,
2255,대구,3년미만,2021,100,
2256,충남,15년미만,2021,1000,
2257,제주,15년미만,2021,100,
2258,경남,7년미만,2021,200,
2259,대구,20년이상,2021,150,
2260,인천,20년이상,2021,200,
2261,충남,10년미만,2021,100,
2262,서울,3년미만,2021,150,
2263,경기,7년미만,2021,50,
2264,제주,20년이상,2021,100,
2265,서울,5년미만,2021,100,
2266,전북,10년미만,2021,250,
2267,경북,10년미만,2021,100,
2268,광주,15년미만,2021,50,
2269,서울,5년미만,2021,200,
2270,강원,10년미만,2021,200,
2271,경북,3년미만,2021,300,
2272,서울,20년이상,2021,100,
2273,대구,20년미만,2021,50,
2274,서울,3년미만,2021,100,
2275,대구,20년이상,2021,200,
2276,충북,20년이상,2021,270,
2277,인천,20년이상,2021,200,
2278,경북,10년미만,2021,150,
2279,전남,15년미만,2021,300,
2280,서울,20년이상,2021,80,
2281,서울,20년미만,2021,100,
2282,경기,7년미만,2021,100,
2283,경기,5년미만,2021,100,
2284,경기,3년미만,2021,50,
2285,경북,7년미만,2021,120,
2286,부산,3년미만,2021,100,
2287,충북,15년미만,2021,100,
2288,경기,20년이상,2021,50,
2289,서울,3년미만,2021,50,
2290,경기,20년미만,2021,200,
2291,대구,20년이상,2021,150,
2292,광주,7년미만,2021,150,
2293,경기,7년미만,2021,50,
2294,광주,10년미만,2021,50,
2295,경남,7년미만,2021,100,
2296,전남,10년미만,2021,200,
2297,경남,15년미만,2021,50,
2298,대구,20년이상,2021,200,
2299,대구,15년미만,2021,100,
2300,대구,5년미만,2021,150,
2301,강원,7년미만,2021,360,
2302,대구,10년미만,2021,100,
2303,서울,3년미만,2021,100,
2304,대구,7년미만,2021,200,
2305,대구,10년미만,2021,200,
2306,충남,10년미만,2021,80,
2307,강원,15년미만,2021,100,
2308,경기,5년미만,2021,50,
2309,경북,7년미만,2021,100,
2310,경북,20년미만,2021,150,
2311,대구,7년미만,2021,200,
2312,경기,20년이상,2021,200,
2313,경기,15년미만,2021,70,
2314,대전,10년미만,2021,450,
2315,인천,7년미만,2021,100,
2316,강원,3년미만,2021,200,
2317,경기,5년미만,2021,100,
2318,대구,20년이상,2021,200,
2319,제주,20년미만,2021,200,
2320,경북,3년미만,2021,120,
2321,경기,3년미만,2021,100,
2322,강원,20년이상,2021,200,
2323,경북,15년미만,2021,150,
2324,경남,20년미만,2021,100,
2325,경북,20년이상,2021,200,
2326,경북,10년미만,2021,200,
2327,경남,20년미만,2021,70,
2328,경북,7년미만,2021,100,
2329,경기,15년미만,2021,100,
2330,경기,20년이상,2021,300,
2331,광주,20년미만,2021,80,
2332,강원,7년미만,2021,200,
2333,전남,7년미만,2021,100,
2334,경북,5년미만,2021,100,
2335,전북,15년미만,2021,100,
2336,광주,15년미만,2021,150,
2337,대구,10년미만,2021,100,
2338,경기,15년미만,2021,100,
2339,경남,10년미만,2021,50,
2340,강원,3년미만,2021,100,
2341,충남,15년미만,2021,120,
2342,광주,10년미만,2021,300,
2343,전남,20년미만,2021,300,
2344,전북,3년미만,2021,150,
2345,울산,7년미만,2021,200,
2346,경남,7년미만,2021,100,
2347,서울,10년미만,2021,300,
2348,경남,20년미만,2021,150,
2349,경기,20년이상,2021,100,
2350,광주,10년미만,2021,100,
2351,서울,5년미만,2021,100,
2352,충북,20년이상,2021,100,
2353,경기,20년미만,2021,100,
2354,전북,15년미만,2021,50,
2355,전북,20년미만,2021,200,
2356,광주,10년미만,2021,500,
2357,부산,10년미만,2021,100,
2358,부산,20년미만,2021,200,
2359,서울,7년미만,2021,100,
2360,서울,1년미만,2021,80,
2361,경남,10년미만,2021,200,
2362,경기,20년미만,2021,100,
2363,대전,20년미만,2021,200,
2364,부산,10년미만,2021,50,
2365,전남,3년미만,2021,100,
2366,경기,15년미만,2021,100,
2367,경남,3년미만,2021,100,
2368,경남,20년이상,2021,100,
2369,부산,5년미만,2021,200,
2370,부산,7년미만,2021,200,
2371,부산,20년이상,2021,50,
2372,경기,5년미만,2021,200,
2373,울산,10년미만,2021,100,
2374,서울,3년미만,2021,50,
2375,울산,7년미만,2021,150,
2376,서울,3년미만,2021,150,
2377,충북,10년미만,2021,100,
2378,서울,10년미만,2021,100,
2379,인천,15년미만,2021,50,
2380,인천,10년미만,2021,100,
2381,서울,15년미만,2021,100,
2382,서울,10년미만,2021,100,
2383,경기,3년미만,2021,100,
2384,경기,3년미만,2021,100,
2385,인천,5년미만,2021,50,
2386,서울,10년미만,2021,100,
2387,대구,10년미만,2021,50,
2388,경기,10년미만,2021,100,
2389,경기,5년미만,2021,50,
2390,경기,15년미만,2021,200,
2391,경기,5년미만,2021,50,
2392,부산,15년미만,2021,70,
2393,충남,5년미만,2021,50,
2394,경기,3년미만,2021,50,
2395,경기,20년미만,2021,70,
2396,부산,20년이상,2021,100,
2397,전북,15년미만,2021,300,
2398,인천,5년미만,2021,50,
2399,강원,15년미만,2021,200,
2400,경기,20년이상,2021,100,
2401,인천,7년미만,2021,50,
2402,서울,15년미만,2021,100,
2403,경기,15년미만,2021,150,
2404,경기,5년미만,2021,80,
2405,서울,20년미만,2021,150,
2406,울산,7년미만,2021,200,
2407,서울,3년미만,2021,200,
2408,울산,15년미만,2021,150,
2409,충북,3년미만,2021,200,
2410,경기,20년미만,2021,100,
2411,경북,15년미만,2021,500,
2412,경남,3년미만,2021,150,
2413,서울,3년미만,2021,150,
2414,서울,10년미만,2021,150,
2415,경남,10년미만,2021,120,
2416,충북,15년미만,2021,300,
2417,서울,3년미만,2021,100,
2418,전북,3년미만,2021,100,
2419,울산,20년이상,2021,300,
2420,충남,10년미만,2021,150,
2421,울산,10년미만,2021,200,
2422,충북,20년미만,2021,200,
2423,경기,7년미만,2021,50,
2424,경기,5년미만,2021,100,
2425,전북,3년미만,2021,100,
2426,경북,5년미만,2021,50,
2427,전북,20년미만,2021,150,
2428,전북,20년이상,2021,500,
2429,서울,10년미만,2021,200,
2430,전남,5년미만,2021,200,
2431,인천,7년미만,2021,150,
2432,서울,15년미만,2021,100,
2433,부산,7년미만,2021,150,
2434,경기,10년미만,2021,50,
2435,서울,10년미만,2021,100,
2436,서울,10년미만,2021,100,
2437,부산,5년미만,2021,100,
2438,경기,15년미만,2021,50,
2439,경북,20년이상,2021,500,
2440,울산,3년미만,2021,150,
2441,울산,20년이상,2021,100,
2442,인천,5년미만,2021,300,
2443,서울,7년미만,2021,200,
2444,광주,15년미만,2021,100,
2445,경북,20년미만,2021,500,
2446,울산,20년미만,2021,50,
2447,인천,15년미만,2021,100,
2448,서울,3년미만,2021,100,
2449,부산,10년미만,2021,100,
2450,부산,10년미만,2021,200,
2451,경기,3년미만,2021,100,
2452,부산,20년이상,2021,100,
2453,경기,5년미만,2021,200,
2454,서울,7년미만,2021,100,
2455,서울,5년미만,2021,50,
2456,인천,7년미만,2021,100,
2457,경북,5년미만,2021,150,
2458,경기,20년이상,2021,500,
2459,대구,20년미만,2021,200,
2460,부산,20년미만,2021,50,
2461,충남,20년미만,2021,100,
2462,제주,7년미만,2021,150,
2463,경남,15년미만,2021,100,
2464,부산,5년미만,2021,200,
2465,서울,5년미만,2021,80,
2466,울산,5년미만,2021,200,
2467,경북,10년미만,2021,200,
2468,충남,15년미만,2021,200,
2469,울산,3년미만,2021,250,
2470,충남,5년미만,2021,80,
2471,광주,15년미만,2021,150,
2472,광주,20년이상,2021,200,
2473,부산,7년미만,2021,70,
2474,서울,20년이상,2021,100,
2475,전남,20년이상,2021,150,
2476,경남,5년미만,2021,100,
2477,경기,15년미만,2021,150,
2478,부산,20년미만,2021,150,
2479,서울,1년미만,2021,200,
2480,대전,20년미만,2021,500,
2481,인천,20년미만,2021,500,
2482,경기,20년미만,2021,100,
2483,경기,5년미만,2021,100,
2484,서울,10년미만,2021,100,
2485,인천,15년미만,2021,50,
2486,경남,20년이상,2021,200,
2487,광주,15년미만,2021,50,
2488,울산,3년미만,2021,150,
2489,충북,5년미만,2021,200,
2490,울산,3년미만,2021,200,
2491,울산,20년이상,2021,200,
2492,경남,7년미만,2021,100,
2493,제주,3년미만,2021,100,
2494,경기,10년미만,2021,100,
2495,울산,15년미만,2021,150,
2496,대전,10년미만,2021,200,
2497,경기,3년미만,2021,100,
2498,광주,10년미만,2021,100,
2499,전남,15년미만,2021,50,
2500,경남,10년미만,2021,50,
2501,경기,5년미만,2021,80,
2502,경북,15년미만,2021,150,
2503,서울,10년미만,2021,100,
2504,경기,5년미만,2021,100,
2505,경북,3년미만,2021,100,
2506,경기,5년미만,2021,100,
2507,경남,20년미만,2021,100,
2508,전북,7년미만,2021,300,
2509,서울,5년미만,2021,50,
2510,경기,3년미만,2021,200,
2511,전북,20년미만,2021,300,
2512,대전,15년미만,2021,200,
2513,전북,5년미만,2021,200,
2514,전북,15년미만,2021,200,
2515,전북,20년이상,2021,300,
2516,전북,15년미만,2021,1000,
2517,서울,20년이상,2021,200,
2518,경북,3년미만,2021,100,
2519,서울,7년미만,2021,150,
2520,경기,20년미만,2021,50,
2521,경기,3년미만,2021,100,
2522,경남,10년미만,2021,100,
2523,강원,7년미만,2021,200,
2524,인천,5년미만,2021,30,
2525,경기,20년미만,2021,80,
2526,경기,15년미만,2021,50,
2527,경남,5년미만,2021,150,
2528,부산,3년미만,2021,200,
2529,전북,20년이상,2021,200,
2530,강원,20년이상,2021,700,
2531,서울,15년미만,2021,50,
2532,경남,20년미만,2021,300,
2533,강원,15년미만,2021,300,
2534,충남,15년미만,2021,200,
2535,경남,1년미만,2021,100,
2536,서울,10년미만,2021,50,
2537,경기,3년미만,2021,80,
2538,부산,10년미만,2021,100,
2539,경남,15년미만,2021,100,
2540,서울,5년미만,2021,100,
2541,경남,15년미만,2021,1000,
2542,서울,3년미만,2021,100,
2543,경기,7년미만,2021,200,
2544,충북,5년미만,2021,200,
2545,울산,20년미만,2021,150,
2546,경기,7년미만,2021,80,
2547,경남,20년미만,2021,200,
2548,강원,20년이상,2021,200,
2549,인천,5년미만,2021,100,
2550,경남,20년이상,2021,300,
2551,경기,10년미만,2021,150,
2552,인천,3년미만,2021,100,
2553,강원,15년미만,2021,100,
2554,충북,15년미만,2021,200,
2555,인천,7년미만,2021,80,
2556,광주,5년미만,2021,100,
2557,전남,3년미만,2021,50,
2558,경기,5년미만,2021,150,
2559,전남,20년이상,2021,300,
2560,전남,5년미만,2021,150,
2561,경기,3년미만,2021,600,
2562,부산,20년이상,2021,200,
2563,부산,20년이상,2021,200,
2564,전남,15년미만,2021,30,
2565,충남,10년미만,2021,300,
2566,대구,5년미만,2021,100,
2567,충북,20년미만,2021,500,
2568,충북,20년미만,2021,500,
2569,경남,7년미만,2021,100,
2570,서울,7년미만,2021,50,
2571,서울,15년미만,2021,200,
2572,서울,7년미만,2021,200,
2573,서울,15년미만,2021,50,
2574,서울,15년미만,2021,300,
2575,서울,10년미만,2021,80,
2576,경남,3년미만,2021,70,
2577,부산,3년미만,2021,100,
2578,서울,20년이상,2021,100,
2579,부산,20년이상,2021,150,
2580,서울,20년이상,2021,150,
2581,경남,3년미만,2021,200,
2582,부산,10년미만,2021,200,
2583,인천,20년미만,2021,100,
2584,강원,20년이상,2021,170,
2585,서울,10년미만,2021,80,
2586,전북,20년이상,2021,150,
2587,부산,15년미만,2021,100,
2588,서울,15년미만,2021,150,
2589,대전,15년미만,2021,100,
2590,전남,5년미만,2021,150,
2591,경기,5년미만,2021,100,
2592,서울,7년미만,2021,80,
2593,경기,5년미만,2021,100,
2594,부산,20년미만,2021,300,
2595,경기,20년이상,2021,50,
2596,강원,7년미만,2021,100,
2597,경기,5년미만,2021,100,
2598,강원,3년미만,2021,200,
2599,인천,10년미만,2021,150,
2600,충남,15년미만,2021,200,
2601,경남,5년미만,2021,100,
2602,경남,15년미만,2021,200,
2603,광주,3년미만,2021,100,
2604,경기,3년미만,2021,100,
2605,경남,7년미만,2021,200,
2606,서울,10년미만,2021,150,
2607,부산,20년미만,2021,150,
2608,부산,10년미만,2021,300,
2609,서울,7년미만,2021,300,
2610,광주,15년미만,2021,300,
2611,충북,7년미만,2021,300,
2612,경기,5년미만,2021,100,
2613,인천,5년미만,2021,500,
2614,인천,10년미만,2021,50,
2615,강원,20년이상,2021,100,
2616,경북,5년미만,2021,100,
2617,경북,15년미만,2021,100,
2618,부산,7년미만,2021,200,
2619,경기,20년이상,2021,250,
2620,서울,7년미만,2021,50,
2621,부산,20년이상,2021,50,
2622,전남,15년미만,2021,300,
2623,경남,20년이상,2021,200,
2624,부산,1년미만,2021,50,
2625,서울,15년미만,2021,50,
2626,서울,7년미만,2021,50,
2627,서울,7년미만,2021,50,
2628,강원,10년미만,2021,200,
2629,경기,7년미만,2021,100,
2630,서울,10년미만,2021,80,
2631,강원,10년미만,2021,100,
2632,경기,3년미만,2021,100,
2633,서울,15년미만,2021,200,
2634,부산,15년미만,2021,100,
2635,강원,20년이상,2021,100,
2636,경기,1년미만,2021,200,
2637,경기,3년미만,2021,80,
2638,부산,15년미만,2021,100,
2639,부산,10년미만,2021,70,
2640,경기,3년미만,2021,100,
2641,경기,20년이상,2021,70,
2642,경기,10년미만,2021,100,
2643,경기,3년미만,2021,100,
2644,경기,3년미만,2021,150,
2645,서울,5년미만,2021,200,
2646,서울,5년미만,2021,200,
2647,경남,7년미만,2021,300,
2648,광주,5년미만,2021,50,
2649,광주,15년미만,2021,150,
2650,경기,20년미만,2021,200,
2651,경북,10년미만,2021,150,
2652,서울,20년미만,2021,250,
2653,전북,5년미만,2021,150,
2654,경남,10년미만,2021,100,
2655,광주,3년미만,2021,10,
2656,경북,20년미만,2021,100,
2657,충남,20년미만,2021,500,
2658,충남,5년미만,2021,100,
2659,대전,10년미만,2021,150,
2660,울산,5년미만,2021,50,
2661,부산,3년미만,2021,300,
2662,경기,7년미만,2021,50,
2663,경남,20년이상,2021,200,
2664,서울,15년미만,2021,100,
2665,경기,10년미만,2021,150,
2666,강원,3년미만,2021,100,
2667,충남,10년미만,2021,150,
2668,경기,20년미만,2021,200,
2669,경기,3년미만,2021,200,
2670,경북,15년미만,2021,100,
2671,경기,15년미만,2021,50,
2672,경기,7년미만,2021,100,
2673,경기,3년미만,2021,50,
2674,부산,20년이상,2021,70,
2675,경기,15년미만,2021,50,
2676,부산,20년이상,2021,100,
2677,경기,20년이상,2021,100,
2678,충북,10년미만,2021,200,
2679,충남,15년미만,2021,150,
2680,경기,20년이상,2021,250,
2681,충북,20년이상,2021,150,
2682,광주,3년미만,2021,100,
2683,경기,7년미만,2021,200,
2684,서울,1년미만,2021,150,
2685,서울,7년미만,2021,200,
2686,부산,10년미만,2021,100,
2687,경기,10년미만,2021,100,
2688,광주,20년이상,2021,80,
2689,서울,3년미만,2021,70,
2690,전북,3년미만,2021,30,
2691,인천,15년미만,2021,100,
2692,경남,15년미만,2021,100,
2693,경남,5년미만,2021,100,
2694,경기,20년미만,2021,150,
2695,경북,15년미만,2021,50,
2696,충남,7년미만,2021,100,
2697,강원,5년미만,2021,200,
2698,강원,10년미만,2021,150,
2699,전남,7년미만,2021,200,
2700,서울,5년미만,2021,100,
2701,경북,15년미만,2021,100,
2702,경북,5년미만,2021,150,
2703,강원,1년미만,2021,200,
2704,경기,7년미만,2021,200,
2705,서울,5년미만,2021,80,
2706,경기,5년미만,2021,70,
2707,서울,15년미만,2021,80,
2708,경기,20년이상,2021,50,
2709,서울,20년미만,2021,80,
2710,부산,15년미만,2021,100,
2711,경남,5년미만,2021,150,
2712,부산,20년미만,2021,150,
2713,대전,15년미만,2021,300,
2714,부산,10년미만,2021,100,
2715,울산,5년미만,2021,30,
2716,전남,15년미만,2021,300,
2717,부산,3년미만,2021,30,
2718,경기,20년이상,2021,50,
2719,강원,20년미만,2021,50,
2720,경기,15년미만,2021,80,
2721,충북,3년미만,2021,50,
2722,대전,15년미만,2021,150,
2723,대구,20년이상,2021,700,
2724,충북,3년미만,2021,150,
2725,경기,15년미만,2021,150,
2726,전남,3년미만,2021,100,
2727,경기,10년미만,2021,200,
2728,경기,5년미만,2021,100,
2729,경남,5년미만,2021,150,
2730,경남,7년미만,2021,100,
2731,경기,7년미만,2021,200,
2732,경남,3년미만,2021,100,
2733,경남,20년미만,2021,150,
2734,충남,10년미만,2021,150,
2735,경기,7년미만,2021,200,
2736,광주,3년미만,2021,50,
2737,경기,20년이상,2021,80,
2738,충남,3년미만,2021,100,
2739,인천,7년미만,2021,100,
2740,경기,10년미만,2021,100,
2741,경남,3년미만,2021,150,
2742,경기,10년미만,2021,70,
2743,경기,10년미만,2021,150,
2744,경기,15년미만,2021,100,
2745,경기,7년미만,2021,300,
2746,경북,15년미만,2021,200,
2747,충남,15년미만,2021,300,
2748,서울,15년미만,2021,300,
2749,서울,5년미만,2021,300,
2750,서울,20년미만,2021,200,
2751,경기,15년미만,2021,100,
2752,경기,7년미만,2021,200,
2753,서울,7년미만,2021,80,
2754,광주,20년미만,2021,100,
2755,경남,20년미만,2021,150,
2756,충북,3년미만,2021,50,
2757,대구,3년미만,2021,100,
2758,경기,3년미만,2021,200,
2759,경북,20년이상,2021,50,
2760,경남,20년이상,2021,100,
2761,충북,15년미만,2021,200,
2762,서울,10년미만,2021,100,
2763,경남,5년미만,2021,300,
2764,전남,7년미만,2021,100,
2765,경북,10년미만,2021,200,
2766,경남,3년미만,2021,50,
2767,경기,15년미만,2021,300,
2768,인천,3년미만,2021,80,
2769,경기,15년미만,2021,100,
2770,경남,20년미만,2021,100,
2771,광주,7년미만,2021,30,
2772,서울,15년미만,2021,80,
2773,경기,15년미만,2021,100,
2774,전북,20년이상,2021,200,
2775,서울,3년미만,2021,100,
2776,인천,7년미만,2021,100,
2777,대전,20년미만,2021,100,
2778,인천,5년미만,2021,50,
2779,서울,7년미만,2021,50,
2780,부산,15년미만,2021,200,
2781,대구,20년미만,2021,50,
2782,경기,10년미만,2021,50,
2783,경남,15년미만,2021,150,
2784,경북,20년미만,2021,300,
2785,전북,3년미만,2021,100,
2786,전북,15년미만,2021,100,
2787,경남,3년미만,2021,200,
2788,서울,10년미만,2021,100,
2789,경남,3년미만,2021,50,
2790,경기,3년미만,2021,50,
2791,경남,20년미만,2021,150,
2792,대전,5년미만,2021,200,
2793,전남,20년미만,2021,50,
2794,경남,15년미만,2021,200,
2795,경남,10년미만,2021,500,
2796,경기,5년미만,2021,100,
2797,경기,10년미만,2021,150,
2798,부산,15년미만,2021,300,
2799,경기,3년미만,2021,150,
2800,부산,7년미만,2021,100,
2801,강원,10년미만,2021,200,
2802,경기,7년미만,2021,250,
2803,경기,5년미만,2021,150,
2804,서울,10년미만,2021,150,
2805,경기,5년미만,2021,50,
2806,충남,10년미만,2021,100,
2807,경남,10년미만,2021,200,
2808,경기,10년미만,2021,100,
2809,광주,20년이상,2021,150,
2810,서울,5년미만,2021,50,
2811,충남,10년미만,2021,200,
2812,경기,10년미만,2021,70,
2813,경남,20년미만,2021,300,
2814,경기,3년미만,2021,200,
2815,대구,20년이상,2021,100,
2816,인천,10년미만,2021,50,
2817,대구,3년미만,2021,150,
2818,경기,20년미만,2021,300,
2819,경북,10년미만,2021,200,
2820,경기,10년미만,2021,150,
2821,경북,20년이상,2021,100,
2822,경기,7년미만,2021,50,
2823,서울,20년이상,2021,250,
2824,충남,5년미만,2021,200,
2825,광주,3년미만,2021,30,
2826,경북,15년미만,2021,200,
2827,광주,20년미만,2021,100,
2828,경북,5년미만,2021,100,
2829,경남,15년미만,2021,200,
2830,경남,15년미만,2021,50,
2831,서울,20년미만,2021,100,
2832,부산,10년미만,2021,300,
2833,서울,5년미만,2021,200,
2834,대구,15년미만,2021,100,
2835,경북,15년미만,2021,150,
2836,서울,20년이상,2021,150,
2837,서울,20년이상,2021,250,
2838,경기,3년미만,2021,50,
2839,경북,20년미만,2021,200,
2840,경남,3년미만,2021,100,
2841,전북,20년이상,2021,500,
2842,충남,10년미만,2021,400,
2843,전북,20년이상,2021,250,
2844,경남,10년미만,2021,150,
2845,전북,3년미만,2021,300,
2846,전북,20년이상,2021,150,
2847,충북,5년미만,2021,200,
2848,전북,3년미만,2021,200,
2849,서울,15년미만,2021,200,
2850,서울,7년미만,2021,150,
2851,경기,10년미만,2021,150,
2852,경기,7년미만,2021,100,
2853,경남,10년미만,2021,100,
2854,경기,5년미만,2021,150,
2855,경기,5년미만,2021,200,
2856,경기,20년이상,2021,100,
2857,경기,20년미만,2021,200,
2858,대구,3년미만,2021,300,
2859,경기,7년미만,2021,200,
2860,전남,20년미만,2021,500,
2861,광주,15년미만,2021,300,
2862,서울,10년미만,2021,200,
2863,경북,20년미만,2021,500,
2864,서울,20년미만,2021,80,
2865,전남,20년미만,2021,100,
2866,경남,10년미만,2021,100,
2867,전남,3년미만,2021,100,
2868,전북,20년이상,2021,300,
2869,경기,15년미만,2021,300,
2870,경기,10년미만,2021,70,
2871,서울,7년미만,2021,100,
2872,전북,5년미만,2021,70,
2873,전남,15년미만,2021,100,
2874,서울,20년이상,2021,100,
2875,충남,5년미만,2021,200,
2876,경북,15년미만,2021,60,
2877,경남,10년미만,2021,70,
2878,강원,7년미만,2021,100,
2879,경기,10년미만,2021,100,
2880,서울,20년이상,2021,100,
2881,서울,3년미만,2021,50,
2882,서울,20년미만,2021,150,
2883,경남,5년미만,2021,80,
2884,서울,5년미만,2021,50,
2885,인천,3년미만,2021,100,
2886,서울,15년미만,2021,80,
2887,경북,15년미만,2021,400,
2888,경남,7년미만,2021,50,
2889,전북,3년미만,2021,100,
2890,경기,7년미만,2021,150,
2891,경기,5년미만,2021,50,
2892,경북,1년미만,2021,100,
2893,부산,5년미만,2021,300,
2894,서울,7년미만,2021,100,
2895,인천,5년미만,2021,100,
2896,경북,10년미만,2021,100,
2897,전북,5년미만,2021,250,
2898,충북,5년미만,2021,100,
2899,경북,20년이상,2021,300,
2900,대구,20년이상,2021,100,
2901,충남,7년미만,2021,300,
2902,인천,15년미만,2021,50,
2903,경남,20년미만,2021,200,
2904,부산,3년미만,2021,100,
2905,서울,20년이상,2021,500,
2906,서울,7년미만,2021,100,
2907,전북,15년미만,2021,200,
2908,서울,15년미만,2021,30,
2909,강원,15년미만,2021,500,
2910,서울,5년미만,2021,200,
2911,경남,7년미만,2021,50,
2912,서울,15년미만,2021,200,
2913,경남,20년이상,2021,200,
2914,경남,15년미만,2021,100,
2915,대구,7년미만,2021,500,
2916,경기,1년미만,2021,100,
2917,서울,7년미만,2021,50,
2918,서울,10년미만,2021,50,
2919,서울,3년미만,2021,50,
2920,경기,20년이상,2021,50,
2921,경기,5년미만,2021,100,
2922,인천,3년미만,2021,50,
2923,서울,20년미만,2021,100,
2924,전남,20년이상,2021,200,
2925,경기,20년미만,2021,100,
2926,경기,20년이상,2021,100,
2927,경기,15년미만,2021,100,
2928,인천,7년미만,2021,80,
2929,대전,15년미만,2021,100,
2930,서울,5년미만,2021,100,
2931,경기,5년미만,2021,100,
2932,경기,20년미만,2021,70,
2933,서울,7년미만,2021,50,
2934,전남,10년미만,2021,100,
2935,대전,5년미만,2021,300,
2936,경남,7년미만,2021,150,
2937,경기,5년미만,2021,150,
2938,대구,15년미만,2021,100,
2939,경남,10년미만,2021,100,
2940,서울,5년미만,2021,50,
2941,충남,5년미만,2021,200,
2942,부산,20년이상,2021,200,
2943,충남,5년미만,2021,100,
2944,서울,7년미만,2021,150,
2945,경남,15년미만,2021,100,
2946,서울,15년미만,2021,100,
2947,경남,10년미만,2021,150,
2948,서울,5년미만,2021,150,
2949,경북,15년미만,2021,300,
2950,서울,15년미만,2021,80,
2951,울산,15년미만,2021,200,
2952,서울,15년미만,2021,80,
2953,경남,5년미만,2021,50,
2954,경남,7년미만,2021,300,
2955,대구,5년미만,2021,200,
2956,충남,15년미만,2021,200,
2957,부산,15년미만,2021,150,
2958,경남,15년미만,2021,300,
2959,인천,15년미만,2021,50,
2960,전북,20년이상,2021,200,
2961,경남,15년미만,2021,100,
2962,경북,5년미만,2021,50,
2963,경남,10년미만,2021,200,
2964,강원,1년미만,2021,100,
2965,서울,7년미만,2021,100,
2966,인천,10년미만,2021,100,
2967,경남,10년미만,2021,200,
2968,경기,10년미만,2021,80,
2969,서울,5년미만,2021,150,
2970,경기,15년미만,2021,100,
2971,경남,20년미만,2021,200,
2972,인천,3년미만,2021,50,
2973,서울,15년미만,2021,200,
2974,경기,7년미만,2021,50,
2975,대구,15년미만,2021,100,
2976,대구,3년미만,2021,100,
2977,광주,10년미만,2021,100,
2978,대구,3년미만,2021,100,
2979,충북,3년미만,2021,100,
2980,충북,20년미만,2021,200,
2981,경기,1년미만,2021,250,
2982,경기,15년미만,2021,200,
2983,서울,7년미만,2021,200,
2984,전남,20년이상,2021,200,
2985,대구,5년미만,2021,300,
2986,경남,15년미만,2021,100,
2987,세종,10년미만,2021,40,
2988,충북,15년미만,2021,200,
2989,경남,3년미만,2021,300,
2990,서울,20년이상,2021,200,
2991,경기,7년미만,2021,100,
2992,경기,20년미만,2021,100,
2993,세종,10년미만,2021,500,
2994,충남,10년미만,2021,50,
2995,충남,10년미만,2021,200,
2996,부산,5년미만,2021,100,
2997,부산,3년미만,2021,200,
2998,경기,7년미만,2021,50,
2999,경기,5년미만,2021,300,
3000,제주,20년미만,2021,300,
3001,경기,15년미만,2021,200,
3002,경기,5년미만,2021,110,
3003,충남,15년미만,2021,390,
3004,충남,15년미만,2021,80,
3005,경기,20년이상,2021,150,
3006,서울,7년미만,2021,100,
3007,서울,20년이상,2021,100,
3008,서울,7년미만,2021,100,
3009,부산,7년미만,2021,70,
3010,대구,10년미만,2021,100,
3011,광주,20년이상,2021,300,
3012,광주,15년미만,2021,100,
3013,경기,3년미만,2021,30,
3014,서울,5년미만,2021,50,
3015,충북,15년미만,2021,1000,
3016,서울,10년미만,2021,80,
3017,강원,10년미만,2021,200,
3018,서울,7년미만,2021,80,
3019,서울,7년미만,2021,50,
3020,경기,7년미만,2021,50,
3021,경남,20년미만,2021,200,
3022,경남,15년미만,2021,300,
3023,서울,20년이상,2021,50,
3024,서울,7년미만,2021,80,
3025,전남,20년미만,2021,300,
3026,광주,3년미만,2021,50,
3027,전남,20년이상,2021,200,
3028,서울,15년미만,2021,50,
3029,충남,20년미만,2021,700,
3030,경남,1년미만,2021,50,
3031,경북,20년이상,2021,200,
3032,경기,15년미만,2021,150,
3033,경기,20년이상,2021,50,
3034,경기,5년미만,2021,100,
3035,서울,7년미만,2021,150,
3036,경남,7년미만,2021,100,
3037,제주,7년미만,2021,100,
3038,경남,20년이상,2021,70,
3039,서울,5년미만,2021,100,
3040,서울,5년미만,2021,300,
3041,서울,5년미만,2021,150,
3042,서울,3년미만,2021,50,
3043,서울,10년미만,2021,100,
3044,경남,10년미만,2021,80,
3045,서울,7년미만,2021,150,
3046,전남,5년미만,2021,100,
3047,경남,20년미만,2021,50,
3048,서울,3년미만,2021,200,
3049,경기,7년미만,2021,50,
3050,서울,15년미만,2021,100,
3051,서울,5년미만,2021,100,
3052,서울,10년미만,2021,100,
3053,서울,5년미만,2021,100,
3054,서울,20년이상,2021,200,
3055,경남,20년미만,2021,200,
3056,부산,5년미만,2021,100,
3057,경기,3년미만,2021,100,
3058,서울,20년이상,2021,200,
3059,경기,20년이상,2021,100,
3060,전북,15년미만,2021,200,
3061,경남,15년미만,2021,100,
3062,경기,10년미만,2021,200,
3063,경남,20년이상,2021,300,
3064,경기,5년미만,2021,150,
3065,충북,5년미만,2021,200,
3066,충남,7년미만,2021,100,
3067,서울,20년미만,2021,80,
3068,경남,10년미만,2021,100,
3069,충남,15년미만,2021,300,
3070,경남,20년미만,2021,100,
3071,서울,7년미만,2021,50,
3072,충남,7년미만,2021,300,
3073,광주,5년미만,2021,30,
3074,경남,3년미만,2021,100,
3075,서울,7년미만,2021,200,
3076,경기,10년미만,2021,80,
3077,서울,7년미만,2021,30,
3078,서울,7년미만,2021,200,
3079,경기,3년미만,2021,50,
3080,경남,7년미만,2021,200,
3081,경남,15년미만,2021,50,
3082,경기,15년미만,2021,150,
3083,경기,20년미만,2021,80,
3084,경기,7년미만,2021,200,
3085,경북,10년미만,2021,200,
3086,대구,20년미만,2021,100,
3087,경기,10년미만,2021,100,
3088,경기,20년미만,2021,80,
3089,경기,20년미만,2021,80,
3090,경남,20년미만,2021,300,
3091,세종,10년미만,2021,200,
3092,경기,3년미만,2021,50,
3093,울산,20년이상,2021,300,
3094,경남,15년미만,2021,300,
3095,경남,10년미만,2021,200,
3096,경북,20년이상,2021,300,
3097,대구,5년미만,2021,200,
3098,충북,20년미만,2021,200,
3099,경남,7년미만,2021,70,
3100,경남,20년이상,2021,700,
3101,서울,10년미만,2021,100,
3102,부산,15년미만,2021,100,
3103,서울,15년미만,2021,80,
3104,충남,20년이상,2021,100,
3105,인천,20년이상,2021,200,
3106,인천,15년미만,2021,50,
3107,서울,3년미만,2021,100,
3108,서울,5년미만,2021,50,
3109,대전,10년미만,2021,100,
3110,경기,15년미만,2021,150,
3111,경기,10년미만,2021,50,
3112,경기,5년미만,2021,250,
3113,경북,20년미만,2021,500,
3114,경기,10년미만,2021,100,
3115,충남,10년미만,2021,200,
3116,경기,15년미만,2021,200,
3117,서울,15년미만,2021,200,
3118,광주,15년미만,2021,50,
3119,경기,20년이상,2021,300,
3120,경남,15년미만,2021,200,
3121,경기,7년미만,2021,50,
3122,충남,7년미만,2021,300,
3123,서울,10년미만,2021,50,
3124,전북,5년미만,2021,500,
3125,전남,5년미만,2021,200,
3126,충북,15년미만,2021,130,
3127,서울,10년미만,2021,200,
3128,서울,5년미만,2021,300,
3129,서울,7년미만,2021,200,
3130,광주,20년미만,2021,100,
3131,경기,10년미만,2021,80,
3132,경기,20년미만,2021,200,
3133,서울,7년미만,2021,100,
3134,서울,5년미만,2021,50,
3135,경기,5년미만,2021,100,
3136,서울,10년미만,2021,200,
3137,경기,15년미만,2021,50,
3138,경남,10년미만,2021,200,
3139,경기,10년미만,2021,80,
3140,경북,10년미만,2021,200,
3141,서울,5년미만,2021,150,
3142,서울,3년미만,2021,50,
3143,경기,7년미만,2021,100,
3144,전북,10년미만,2021,200,
3145,경기,10년미만,2021,30,
3146,대전,3년미만,2021,50,
3147,대전,7년미만,2021,50,
3148,경기,10년미만,2021,50,
3149,경기,10년미만,2021,200,
3150,경남,10년미만,2021,100,
3151,충북,3년미만,2021,50,
3152,강원,10년미만,2021,200,
3153,충북,5년미만,2021,200,
3154,대구,5년미만,2021,150,
3155,강원,20년미만,2021,100,
3156,경북,15년미만,2021,100,
3157,경기,5년미만,2021,200,
3158,충북,3년미만,2021,300,
3159,경남,20년미만,2021,200,
3160,인천,7년미만,2021,200,
3161,충남,1년미만,2021,100,
3162,세종,1년미만,2021,100,
3163,경남,3년미만,2021,100,
3164,부산,3년미만,2021,200,
3165,경남,20년미만,2021,100,
3166,충남,20년이상,2021,100,
3167,충남,10년미만,2021,200,
3168,인천,7년미만,2021,150,
3169,대전,5년미만,2021,100,
3170,제주,10년미만,2021,100,
3171,서울,10년미만,2021,50,
3172,경기,7년미만,2021,100,
3173,경북,5년미만,2021,500,
3174,충남,15년미만,2021,300,
3175,경기,5년미만,2021,100,
3176,충남,20년미만,2021,200,
3177,충남,10년미만,2021,200,
3178,경남,3년미만,2021,50,
3179,서울,15년미만,2021,200,
3180,서울,7년미만,2021,80,
3181,경남,5년미만,2021,100,
3182,경기,20년미만,2021,100,
3183,경기,20년미만,2021,300,
3184,부산,5년미만,2021,100,
3185,경기,20년이상,2021,100,
3186,경기,5년미만,2021,80,
3187,전북,20년미만,2021,300,
3188,인천,20년이상,2021,50,
3189,경기,5년미만,2021,100,
3190,서울,7년미만,2021,100,
3191,광주,15년미만,2021,200,
3192,전남,10년미만,2021,200,
3193,인천,5년미만,2021,200,
3194,경북,7년미만,2021,200,
3195,경북,1년미만,2021,50,
3196,경남,5년미만,2021,200,
3197,서울,10년미만,2021,80,
3198,경북,10년미만,2021,100,
3199,경북,10년미만,2021,100,
3200,경기,3년미만,2021,100,
3201,대전,15년미만,2021,250,
3202,경기,20년미만,2021,200,
3203,경기,20년이상,2021,200,
3204,부산,10년미만,2021,100,
3205,경기,7년미만,2021,50,
3206,대구,15년미만,2021,100,
3207,경남,7년미만,2021,100,
3208,대전,15년미만,2021,200,
3209,대전,20년이상,2021,200,
3210,인천,15년미만,2021,100,
3211,경남,20년미만,2021,70,
3212,대구,15년미만,2021,100,
3213,경남,7년미만,2021,100,
3214,강원,10년미만,2021,300,
3215,전남,7년미만,2021,200,
3216,경북,1년미만,2021,100,
3217,경기,10년미만,2021,100,
3218,경기,5년미만,2021,200,
3219,충북,10년미만,2021,100,
3220,경기,7년미만,2021,50,
3221,경기,3년미만,2021,150,
3222,경기,5년미만,2021,50,
3223,부산,20년이상,2021,300,
3224,부산,20년미만,2021,70,
3225,부산,5년미만,2021,70,
3226,서울,3년미만,2021,100,
3227,충북,10년미만,2021,300,
3228,서울,15년미만,2021,50,
3229,경남,15년미만,2021,200,
3230,경북,15년미만,2021,200,
3231,경북,10년미만,2021,100,
3232,경기,5년미만,2021,30,
3233,대전,15년미만,2021,150,
3234,경기,7년미만,2021,100,
3235,서울,5년미만,2021,50,
3236,경기,7년미만,2021,50,
3237,경기,3년미만,2021,100,
3238,서울,5년미만,2021,300,
3239,전북,3년미만,2021,150,
3240,경기,7년미만,2021,20,
3241,인천,20년이상,2021,200,
3242,광주,10년미만,2021,200,
3243,세종,15년미만,2021,300,
3244,전북,3년미만,2021,100,
3245,경기,15년미만,2021,50,
3246,경남,10년미만,2021,200,
3247,대구,20년미만,2021,100,
3248,경기,3년미만,2021,100,
3249,경기,5년미만,2021,200,
3250,서울,5년미만,2021,200,
3251,경기,15년미만,2021,200,
3252,부산,20년이상,2021,200,
3253,경북,15년미만,2021,250,
3254,서울,3년미만,2021,50,
3255,경기,15년미만,2021,50,
3256,전북,15년미만,2021,200,
3257,서울,10년미만,2021,80,
3258,광주,3년미만,2021,250,
3259,서울,5년미만,2021,150,
3260,경남,10년미만,2021,200,
3261,인천,20년미만,2021,1000,
3262,충남,10년미만,2021,100,
3263,서울,7년미만,2021,100,
3264,전북,7년미만,2021,100,
3265,경기,15년미만,2021,200,
3266,경기,20년미만,2021,50,
3267,경기,20년미만,2021,200,
3268,경기,20년미만,2021,80,
3269,세종,7년미만,2021,300,
3270,대전,15년미만,2021,100,
3271,서울,5년미만,2021,100,
3272,경남,3년미만,2021,50,
3273,전남,1년미만,2021,30,
3274,경남,7년미만,2021,300,
3275,경기,10년미만,2021,150,
3276,경기,15년미만,2021,50,
3277,대구,20년미만,2021,300,
3278,경기,5년미만,2021,50,
3279,대전,15년미만,2021,100,
3280,광주,10년미만,2021,50,
3281,부산,20년이상,2021,100,
3282,서울,7년미만,2021,50,
3283,경기,10년미만,2021,200,
3284,경남,20년미만,2021,110,
3285,경기,3년미만,2021,200,
3286,울산,5년미만,2021,100,
3287,경기,3년미만,2021,50,
3288,서울,10년미만,2021,100,
3289,광주,10년미만,2021,150,
3290,서울,20년이상,2021,500,
3291,서울,20년미만,2021,200,
3292,경기,5년미만,2021,100,
3293,경기,15년미만,2021,70,
3294,제주,3년미만,2021,100,
3295,충북,10년미만,2021,100,
3296,경남,15년미만,2021,70,
3297,인천,5년미만,2021,50,
3298,충북,5년미만,2021,200,
3299,인천,10년미만,2021,50,
3300,충남,10년미만,2021,300,
3301,경기,15년미만,2021,100,
3302,경남,15년미만,2021,70,
3303,경기,5년미만,2021,100,
3304,경기,7년미만,2021,50,
3305,전북,20년미만,2021,200,
3306,서울,10년미만,2021,50,
3307,서울,7년미만,2021,300,
3308,경기,15년미만,2021,100,
3309,경기,5년미만,2021,100,
3310,경기,7년미만,2021,200,
3311,서울,20년미만,2021,200,
3312,경남,5년미만,2021,70,
3313,제주,5년미만,2021,200,
3314,전남,10년미만,2021,50,
3315,경기,20년이상,2021,200,
3316,경기,15년미만,2021,200,
3317,부산,5년미만,2021,80,
3318,대구,20년이상,2021,50,
3319,서울,5년미만,2021,100,
3320,경기,20년이상,2021,30,
3321,서울,10년미만,2021,80,
3322,경기,5년미만,2021,50,
3323,울산,5년미만,2021,50,
3324,경북,1년미만,2021,70,
3325,경기,3년미만,2021,100,
3326,경기,15년미만,2021,100,
3327,인천,10년미만,2021,150,
3328,서울,7년미만,2021,100,
3329,경북,3년미만,2021,50,
3330,서울,5년미만,2021,100,
3331,경기,10년미만,2021,50,
3332,충남,20년미만,2021,300,
3333,서울,20년미만,2021,150,
3334,경기,15년미만,2021,200,
3335,경남,3년미만,2021,50,
3336,부산,7년미만,2021,80,
3337,제주,10년미만,2021,200,
3338,경기,7년미만,2021,100,
3339,부산,7년미만,2021,100,
3340,경남,7년미만,2021,200,
3341,대구,5년미만,2021,100,
3342,대전,15년미만,2021,200,
3343,대전,7년미만,2021,200,
3344,경남,15년미만,2021,300,
3345,경기,3년미만,2021,100,
3346,경기,3년미만,2021,150,
3347,경기,5년미만,2021,200,
3348,경기,20년미만,2021,100,
3349,경기,5년미만,2021,100,
3350,경북,20년이상,2021,150,
3351,경기,15년미만,2021,250,
3352,경남,7년미만,2021,100,
3353,경남,20년이상,2021,100,
3354,경남,20년이상,2021,70,
3355,경북,7년미만,2021,200,
3356,경기,15년미만,2021,250,
3357,제주,3년미만,2021,200,
3358,경기,5년미만,2021,150,
3359,서울,20년미만,2021,200,
3360,서울,3년미만,2021,200,
3361,충남,20년이상,2021,500,
3362,경기,10년미만,2021,150,
3363,경기,5년미만,2021,110,
3364,서울,15년미만,2021,50,
3365,대전,10년미만,2021,50,
3366,세종,20년이상,2021,500,
3367,경남,10년미만,2021,200,
3368,대전,5년미만,2021,50,
3369,전남,20년이상,2021,100,
3370,경기,5년미만,2021,50,
3371,서울,5년미만,2021,50,
3372,경기,15년미만,2021,50,
3373,경기,5년미만,2021,200,
3374,충남,10년미만,2021,100,
3375,경기,10년미만,2021,100,
3376,경기,20년미만,2021,50,
3377,경기,20년미만,2021,250,
3378,대구,7년미만,2021,150,
3379,강원,20년이상,2021,500,
3380,경기,15년미만,2021,150,
3381,경기,10년미만,2021,100,
3382,경남,3년미만,2021,50,
3383,대전,15년미만,2021,50,
3384,경기,20년이상,2021,150,
3385,대구,10년미만,2021,300,
3386,부산,10년미만,2021,100,
3387,경기,3년미만,2021,100,
3388,경북,5년미만,2021,100,
3389,전북,15년미만,2021,200,
3390,경기,7년미만,2021,50,
3391,경기,10년미만,2021,100,
3392,경남,10년미만,2021,100,
3393,대전,10년미만,2021,100,
3394,경북,10년미만,2021,100,
3395,경기,3년미만,2021,50,
3396,서울,5년미만,2021,200,
3397,전북,20년이상,2021,300,
3398,부산,5년미만,2021,70,
3399,경기,20년미만,2021,150,
3400,인천,5년미만,2021,80,
3401,서울,10년미만,2021,100,
3402,경기,3년미만,2021,80,
3403,서울,3년미만,2021,100,
3404,경기,20년이상,2021,100,
3405,부산,5년미만,2021,100,
3406,경기,3년미만,2021,100,
3407,경기,7년미만,2021,30,
3408,서울,3년미만,2021,50,
3409,경남,5년미만,2021,200,
3410,경남,7년미만,2021,100,
3411,대전,5년미만,2021,30,
3412,전북,15년미만,2021,300,
3413,경기,20년이상,2021,70,
3414,부산,10년미만,2021,200,
3415,경북,10년미만,2021,150,
3416,서울,5년미만,2021,200,
3417,경기,20년미만,2021,70,
3418,경북,1년미만,2021,300,
3419,경남,20년이상,2021,70,
3420,경남,15년미만,2021,100,
3421,부산,20년이상,2021,500,
3422,경북,10년미만,2021,300,
3423,전북,20년이상,2021,200,
3424,대전,10년미만,2021,50,
3425,대구,15년미만,2021,50,
3426,세종,5년미만,2021,200,
3427,경기,15년미만,2021,150,
3428,경기,10년미만,2021,30,
3429,강원,5년미만,2021,100,
3430,부산,3년미만,2021,200,
3431,전남,3년미만,2021,100,
3432,울산,7년미만,2021,50,
3433,경북,20년미만,2021,200,
3434,경기,20년미만,2021,200,
3435,경기,20년이상,2021,150,
3436,전남,20년이상,2021,200,
3437,전남,10년미만,2021,100,
3438,경기,5년미만,2021,150,
3439,경기,10년미만,2021,50,
3440,경기,5년미만,2021,30,
3441,제주,5년미만,2021,150,
3442,충북,10년미만,2021,200,
3443,인천,10년미만,2021,100,
3444,전남,3년미만,2021,50,
3445,전남,5년미만,2021,300,
3446,전남,20년이상,2021,100,
3447,대전,15년미만,2021,100,
3448,전남,1년미만,2021,300,
3449,경남,20년이상,2021,500,
3450,전북,15년미만,2021,100,
3451,전북,15년미만,2021,100,
3452,부산,7년미만,2021,300,
3453,인천,15년미만,2021,80,
3454,서울,15년미만,2021,200,
3455,인천,15년미만,2021,50,
3456,경기,10년미만,2021,70,
3457,경남,7년미만,2021,100,
3458,경기,10년미만,2021,70,
3459,부산,15년미만,2021,150,
3460,충남,20년이상,2021,500,
3461,전북,7년미만,2021,70,
3462,전북,10년미만,2021,50,
3463,전남,3년미만,2021,200,
3464,경기,10년미만,2021,100,
3465,광주,7년미만,2021,100,
3466,전북,20년미만,2021,50,
3467,대구,20년미만,2021,200,
3468,충남,5년미만,2021,500,
3469,서울,10년미만,2021,100,
3470,강원,20년이상,2021,100,
3471,경북,5년미만,2021,500,
3472,인천,5년미만,2021,100,
3473,경북,15년미만,2021,100,
3474,전남,7년미만,2021,200,
3475,경기,10년미만,2021,200,
3476,부산,15년미만,2021,500,
3477,강원,5년미만,2021,100,
3478,광주,3년미만,2021,100,
3479,경기,15년미만,2021,50,
3480,전남,20년미만,2021,200,
3481,울산,20년미만,2021,300,
3482,경북,1년미만,2021,300,
3483,경북,5년미만,2021,50,
3484,경기,15년미만,2021,30,
3485,전남,10년미만,2021,100,
3486,전남,7년미만,2021,100,
3487,경남,20년이상,2021,70,
3488,서울,15년미만,2021,50,
3489,대전,3년미만,2021,50,
3490,대전,1년미만,2021,50,
3491,충남,20년이상,2021,480,
3492,대전,5년미만,2021,50,
3493,경북,20년이상,2021,200,
3494,경기,5년미만,2021,50,
3495,부산,20년미만,2021,150,
3496,경기,5년미만,2021,250,
3497,경기,15년미만,2021,200,
3498,경기,3년미만,2021,100,
3499,경기,20년이상,2021,300,
3500,대구,7년미만,2021,150,
3501,광주,1년미만,2021,100,
3502,경기,5년미만,2021,80,
3503,경북,3년미만,2021,50,
3504,울산,20년이상,2021,100,
3505,인천,3년미만,2021,200,
3506,경기,3년미만,2021,50,
3507,경기,5년미만,2021,50,
3508,충남,15년미만,2021,100,
3509,대구,20년이상,2021,100,
3510,경북,10년미만,2021,300,
3511,경기,20년미만,2021,300,
3512,경남,20년미만,2021,100,
3513,대전,20년미만,2021,200,
3514,경기,15년미만,2021,100,
3515,부산,15년미만,2021,200,
3516,전북,20년이상,2021,810,
3517,부산,3년미만,2021,200,
3518,경기,3년미만,2021,150,
3519,서울,7년미만,2021,100,
3520,경기,3년미만,2021,30,
3521,대구,20년미만,2021,50,
3522,경기,15년미만,2021,50,
3523,경기,20년이상,2021,300,
3524,경기,10년미만,2021,150,
3525,광주,1년미만,2021,100,
3526,충남,15년미만,2021,100,
3527,울산,7년미만,2021,300,
3528,경남,5년미만,2021,100,
3529,부산,15년미만,2021,200,
3530,경기,20년미만,2021,150,
3531,인천,20년미만,2021,150,
3532,경기,15년미만,2021,500,
3533,대구,15년미만,2021,100,
3534,인천,3년미만,2021,50,
3535,제주,5년미만,2021,100,
3536,서울,10년미만,2021,100,
3537,경기,3년미만,2021,20,
3538,인천,7년미만,2021,200,
3539,경기,15년미만,2021,100,
3540,전남,7년미만,2021,200,
3541,경기,10년미만,2021,50,
3542,경기,7년미만,2021,50,
3543,경기,5년미만,2021,100,
3544,경기,5년미만,2021,100,
3545,경기,7년미만,2021,100,
3546,전북,10년미만,2021,500,
3547,경북,20년미만,2021,200,
3548,인천,1년미만,2021,100,
3549,광주,10년미만,2021,150,
3550,경북,20년이상,2021,500,
3551,충북,10년미만,2021,200,
3552,경기,15년미만,2021,50,
3553,경기,15년미만,2021,150,
3554,경기,15년미만,2021,100,
3555,경남,10년미만,2021,300,
3556,강원,15년미만,2021,180,
3557,인천,3년미만,2021,70,
3558,서울,7년미만,2021,100,
3559,전북,7년미만,2021,300,
3560,충북,7년미만,2021,100,
3561,경기,5년미만,2021,50,
3562,경기,7년미만,2021,200,
3563,울산,5년미만,2021,770,
3564,경기,20년이상,2021,200,
3565,전남,5년미만,2021,50,
3566,대구,20년이상,2021,200,
3567,경남,3년미만,2021,140,
3568,부산,7년미만,2021,100,
3569,서울,5년미만,2021,80,
3570,경기,5년미만,2021,300,
3571,경기,10년미만,2021,250,
3572,서울,10년미만,2021,80,
3573,울산,10년미만,2021,300,
3574,광주,3년미만,2021,100,
3575,경기,7년미만,2021,50,
3576,인천,7년미만,2021,500,
3577,경기,10년미만,2021,100,
3578,경기,10년미만,2021,100,
3579,경기,5년미만,2021,150,
3580,경기,20년미만,2021,150,
3581,인천,5년미만,2021,70,
3582,경기,7년미만,2021,100,
3583,경기,7년미만,2021,150,
3584,경기,5년미만,2021,100,
3585,경북,20년미만,2021,500,
3586,인천,7년미만,2021,80,
3587,경기,5년미만,2021,50,
3588,경북,15년미만,2021,200,
3589,경기,7년미만,2021,50,
3590,인천,3년미만,2021,100,
3591,경북,20년이상,2021,50,
3592,전북,3년미만,2021,150,
3593,부산,20년이상,2021,50,
3594,전남,15년미만,2021,100,
3595,전남,15년미만,2021,50,
3596,서울,7년미만,2021,100,
3597,서울,5년미만,2021,100,
3598,경기,20년이상,2021,500,
3599,경기,15년미만,2021,250,
3600,부산,3년미만,2021,100,
3601,경기,3년미만,2021,50,
3602,경북,20년미만,2021,480,
3603,경기,3년미만,2021,100,
3604,경기,3년미만,2021,80,
3605,경기,20년미만,2021,30,
3606,광주,20년이상,2021,150,
3607,대구,20년이상,2021,150,
3608,경기,10년미만,2021,50,
3609,세종,10년미만,2021,50,
3610,전남,5년미만,2021,100,
3611,경남,20년미만,2021,100,
3612,경북,15년미만,2021,100,
3613,경기,20년이상,2021,80,
3614,서울,3년미만,2021,100,
3615,경기,5년미만,2021,50,
3616,서울,5년미만,2021,150,
3617,경기,5년미만,2021,200,
3618,경기,3년미만,2021,30,
3619,경기,5년미만,2021,50,
3620,인천,20년이상,2021,200,
3621,인천,20년미만,2021,100,
3622,부산,1년미만,2021,30,
3623,서울,20년이상,2021,200,
3624,서울,10년미만,2021,200,
3625,충남,3년미만,2021,200,
3626,전북,20년이상,2021,300,
3627,전북,20년미만,2021,200,
3628,전북,7년미만,2021,200,
3629,경기,10년미만,2021,150,
3630,경기,3년미만,2021,50,
3631,경기,10년미만,2021,120,
3632,경기,20년미만,2021,300,
3633,전북,15년미만,2021,200,
3634,전북,20년미만,2021,100,
3635,서울,15년미만,2021,50,
3636,경기,7년미만,2021,50,
3637,충남,7년미만,2021,200,
3638,부산,5년미만,2021,200,
3639,충북,3년미만,2021,100,
3640,경기,20년이상,2021,100,
3641,서울,10년미만,2021,200,
3642,전북,15년미만,2021,200,
3643,경기,7년미만,2021,50,
3644,울산,7년미만,2021,50,
3645,경기,10년미만,2021,50,
3646,인천,10년미만,2021,80,
3647,인천,5년미만,2021,200,
3648,인천,5년미만,2021,100,
3649,인천,5년미만,2021,100,
3650,인천,15년미만,2021,100,
3651,경기,7년미만,2021,100,
3652,경기,7년미만,2021,200,
3653,전남,20년이상,2021,200,
3654,충남,15년미만,2021,200,
3655,광주,5년미만,2021,200,
3656,광주,3년미만,2021,120,
3657,충남,20년이상,2021,500,
3658,제주,20년이상,2021,150,
3659,경기,3년미만,2021,100,
3660,경북,20년이상,2021,100,
3661,경기,3년미만,2021,200,
3662,서울,5년미만,2021,150,
3663,경기,10년미만,2021,100,
3664,전남,7년미만,2021,100,
3665,경기,15년미만,2021,50,
3666,충북,5년미만,2021,50,
3667,충남,20년미만,2021,200,
3668,경기,20년미만,2021,30,
3669,전남,3년미만,2021,100,
3670,경기,10년미만,2021,100,
3671,경남,20년이상,2021,100,
3672,경기,10년미만,2021,200,
3673,경남,7년미만,2021,200,
3674,제주,7년미만,2021,100,
3675,인천,10년미만,2021,100,
3676,대구,7년미만,2021,100,
3677,부산,20년이상,2021,50,
3678,부산,15년미만,2021,100,
3679,충북,5년미만,2021,200,
3680,경기,20년이상,2021,150,
3681,전남,7년미만,2021,100,
3682,대구,5년미만,2021,200,
3683,경남,5년미만,2021,50,
3684,부산,5년미만,2021,100,
3685,경기,20년미만,2021,200,
3686,경기,10년미만,2021,250,
3687,대전,7년미만,2021,50,
3688,전남,10년미만,2021,200,
3689,충남,20년미만,2021,250,
3690,인천,15년미만,2021,100,
3691,경남,3년미만,2021,100,
3692,경기,3년미만,2021,300,
3693,경기,3년미만,2021,100,
3694,대구,5년미만,2021,200,
3695,경기,20년미만,2021,100,
3696,경남,20년미만,2021,600,
3697,경기,20년미만,2021,400,
3698,대전,5년미만,2021,100,
3699,서울,5년미만,2021,200,
3700,대구,15년미만,2021,100,
3701,경기,5년미만,2021,150,
3702,경기,10년미만,2021,50,
3703,인천,10년미만,2021,100,
3704,인천,15년미만,2021,200,
3705,인천,5년미만,2021,100,
3706,서울,15년미만,2021,50,
3707,대구,15년미만,2021,90,
3708,대구,15년미만,2021,80,
3709,경기,1년미만,2021,50,
3710,강원,7년미만,2021,200,
3711,전남,20년미만,2021,200,
3712,경기,7년미만,2021,100,
3713,경기,15년미만,2021,300,
3714,충북,10년미만,2021,100,
3715,경기,15년미만,2021,100,
3716,전북,7년미만,2021,50,
3717,경북,5년미만,2021,200,
3718,경남,10년미만,2021,200,
3719,경남,20년이상,2021,500,
3720,대구,20년미만,2021,200,
3721,경기,5년미만,2021,200,
3722,대구,3년미만,2021,200,
3723,인천,3년미만,2021,80,
3724,대구,5년미만,2021,100,
3725,광주,5년미만,2021,100,
3726,전북,10년미만,2021,100,
3727,경남,20년이상,2021,50,
3728,광주,20년이상,2021,50,
3729,경기,15년미만,2021,50,
3730,전남,15년미만,2021,50,
3731,경기,15년미만,2021,150,
3732,경기,7년미만,2021,200,
3733,경기,7년미만,2021,400,
3734,경북,5년미만,2021,200,
3735,경기,5년미만,2021,80,
3736,경기,10년미만,2021,150,
3737,충남,5년미만,2021,150,
3738,경기,5년미만,2021,250,
3739,서울,20년이상,2021,100,
3740,인천,5년미만,2021,60,
3741,서울,15년미만,2021,100,
3742,경기,7년미만,2021,100,
3743,경기,5년미만,2021,100,
3744,전남,20년미만,2021,200,
3745,충북,15년미만,2021,200,
3746,경기,15년미만,2021,200,
3747,경북,15년미만,2021,200,
3748,경기,20년미만,2021,50,
3749,대전,10년미만,2021,50,
3750,충북,5년미만,2021,50,
3751,경기,5년미만,2021,100,
3752,경기,10년미만,2021,100,
3753,인천,3년미만,2021,100,
3754,부산,20년미만,2021,300,
3755,인천,20년미만,2021,100,
3756,대구,20년미만,2021,150,
3757,충북,3년미만,2021,100,
3758,경기,10년미만,2021,100,
3759,대전,20년이상,2021,100,
3760,서울,10년미만,2021,100,
3761,경기,10년미만,2021,80,
3762,전남,10년미만,2021,150,
3763,경북,20년이상,2021,200,
3764,경남,15년미만,2021,200,
3765,충북,7년미만,2021,100,
3766,경남,7년미만,2021,50,
3767,경기,7년미만,2021,200,
3768,경기,3년미만,2021,150,
3769,충남,20년이상,2021,300,
3770,대구,5년미만,2021,150,
3771,경북,7년미만,2021,200,
3772,인천,15년미만,2021,100,
3773,경기,5년미만,2021,100,
3774,인천,15년미만,2021,100,
3775,경남,10년미만,2021,500,
3776,서울,20년이상,2021,100,
3777,경기,20년이상,2021,50,
3778,서울,20년미만,2021,200,
3779,전남,7년미만,2021,100,
3780,경남,7년미만,2021,50,
3781,경기,10년미만,2021,100,
3782,경기,15년미만,2021,150,
3783,경기,5년미만,2021,30,
3784,부산,3년미만,2021,50,
3785,전남,10년미만,2021,50,
3786,경기,20년미만,2021,200,
3787,경기,7년미만,2021,100,
3788,경기,7년미만,2021,100,
3789,전북,3년미만,2021,200,
3790,서울,20년이상,2021,300,
3791,경기,3년미만,2021,150,
3792,인천,20년미만,2021,50,
3793,인천,5년미만,2021,50,
3794,서울,7년미만,2021,200,
3795,경기,3년미만,2021,150,
3796,충북,5년미만,2021,500,
3797,경기,1년미만,2021,50,
3798,서울,5년미만,2021,150,
3799,경기,5년미만,2021,200,
3800,경기,5년미만,2021,200,
3801,대구,7년미만,2021,100,
3802,경기,3년미만,2021,100,
3803,서울,10년미만,2021,100,
3804,인천,3년미만,2021,80,
3805,부산,3년미만,2021,200,
3806,경기,5년미만,2021,100,
3807,경기,15년미만,2021,100,
3808,서울,20년이상,2021,300,
3809,경기,7년미만,2021,100,
3810,전남,5년미만,2021,200,
3811,전남,20년이상,2021,80,
3812,전남,20년이상,2021,80,
3813,경북,3년미만,2021,500,
3814,전남,20년미만,2021,90,
3815,경북,20년이상,2021,500,
3816,충남,7년미만,2021,100,
3817,경남,10년미만,2021,300,
3818,인천,3년미만,2021,80,
3819,대구,20년미만,2021,100,
3820,경기,7년미만,2021,500,
3821,서울,15년미만,2021,100,
3822,대구,3년미만,2021,100,
3823,경기,7년미만,2021,200,
3824,부산,10년미만,2021,100,
3825,서울,20년이상,2021,500,
3826,경기,20년미만,2021,100,
3827,경기,7년미만,2021,150,
3828,경기,15년미만,2021,100,
3829,경기,7년미만,2021,100,
3830,경기,5년미만,2021,50,
3831,강원,5년미만,2021,50,
3832,경남,5년미만,2021,300,
3833,충북,10년미만,2021,100,
3834,충북,15년미만,2021,500,
3835,서울,20년이상,2021,500,
3836,경남,1년미만,2021,100,
3837,경북,10년미만,2021,500,
3838,경기,5년미만,2021,200,
3839,경기,7년미만,2021,200,
3840,경기,3년미만,2021,40,
3841,제주,20년이상,2021,300,
3842,전남,20년이상,2021,100,
3843,경북,15년미만,2021,300,
3844,대구,7년미만,2021,100,
3845,경기,5년미만,2021,150,
3846,대구,3년미만,2021,50,
3847,서울,10년미만,2021,200,
3848,서울,20년미만,2021,100,
3849,경북,20년미만,2021,150,
3850,서울,20년미만,2021,150,
3851,광주,20년이상,2021,200,
3852,인천,3년미만,2021,80,
3853,경기,7년미만,2021,100,
3854,충북,20년미만,2021,100,
3855,인천,15년미만,2021,50,
3856,경남,3년미만,2021,200,
3857,인천,10년미만,2021,70,
3858,전북,7년미만,2021,100,
3859,서울,5년미만,2021,100,
3860,부산,15년미만,2021,150,
3861,경남,20년이상,2021,100,
3862,경남,10년미만,2021,200,
3863,경남,15년미만,2021,200,
3864,경기,5년미만,2021,100,
3865,경남,5년미만,2021,300,
3866,서울,7년미만,2021,110,
3867,서울,3년미만,2021,100,
3868,경기,7년미만,2021,150,
3869,서울,20년이상,2021,100,
3870,경기,7년미만,2021,200,
3871,충북,7년미만,2021,100,
3872,서울,5년미만,2021,100,
3873,인천,15년미만,2021,50,
3874,경기,15년미만,2021,100,
3875,인천,20년이상,2021,100,
3876,인천,5년미만,2021,50,
3877,인천,1년미만,2021,100,
3878,경기,3년미만,2021,200,
3879,전북,5년미만,2021,200,
3880,경북,5년미만,2021,30,
3881,경기,20년미만,2021,100,
3882,경기,10년미만,2021,50,
3883,서울,5년미만,2021,50,
3884,경북,3년미만,2021,100,
3885,경기,7년미만,2021,50,
3886,경북,10년미만,2021,300,
3887,경기,10년미만,2021,50,
3888,서울,20년미만,2021,100,
3889,서울,7년미만,2021,200,
3890,충북,7년미만,2021,100,
3891,경남,20년미만,2021,300,
3892,경기,5년미만,2021,100,
3893,광주,15년미만,2021,200,
3894,충북,15년미만,2021,160,
3895,경남,10년미만,2021,200,
3896,경북,10년미만,2021,150,
3897,경남,10년미만,2021,500,
3898,강원,20년이상,2021,200,
3899,서울,10년미만,2021,70,
3900,세종,20년이상,2021,50,
3901,전남,5년미만,2021,50,
3902,서울,20년이상,2021,200,
3903,경기,5년미만,2021,150,
3904,서울,3년미만,2021,30,
3905,경기,10년미만,2021,150,
3906,경기,7년미만,2021,50,
3907,경기,5년미만,2021,50,
3908,경남,15년미만,2021,200,
3909,인천,10년미만,2021,150,
3910,경기,5년미만,2021,100,
3911,경기,20년미만,2021,100,
3912,경기,3년미만,2021,50,
3913,인천,20년이상,2021,100,
3914,충북,7년미만,2021,200,
3915,경기,10년미만,2021,200,
3916,충북,7년미만,2021,100,
3917,경남,3년미만,2021,100,
3918,강원,10년미만,2021,200,
3919,경남,1년미만,2021,120,
3920,충북,10년미만,2021,150,
3921,전북,15년미만,2021,200,
3922,충북,5년미만,2021,50,
3923,대구,5년미만,2021,200,
3924,대구,7년미만,2021,300,
3925,강원,5년미만,2021,50,
3926,부산,3년미만,2021,100,
3927,대구,5년미만,2021,100,
3928,경북,20년미만,2021,100,
3929,제주,15년미만,2021,400,
3930,인천,3년미만,2021,100,
3931,경남,3년미만,2021,100,
3932,경기,15년미만,2021,70,
3933,울산,15년미만,2021,500,
3934,경기,10년미만,2021,200,
3935,경기,20년이상,2021,200,
3936,서울,5년미만,2021,100,
3937,전북,7년미만,2021,100,
3938,대전,20년이상,2021,50,
3939,울산,15년미만,2021,75,
3940,인천,3년미만,2021,200,
3941,인천,20년미만,2021,100,
3942,경기,10년미만,2021,200,
3943,울산,5년미만,2021,100,
3944,경기,5년미만,2021,300,
3945,경기,15년미만,2021,150,
3946,경기,5년미만,2021,150,
3947,전남,20년이상,2021,200,
3948,경기,20년미만,2021,100,
3949,경기,10년미만,2021,200,
3950,대전,7년미만,2021,50,
3951,부산,15년미만,2021,100,
3952,경기,5년미만,2021,70,
3953,경기,15년미만,2021,100,
3954,경남,20년미만,2021,300,
3955,부산,3년미만,2021,100,
3956,인천,15년미만,2021,100,
3957,대구,20년미만,2021,100,
3958,전남,5년미만,2021,300,
3959,서울,20년미만,2021,100,
3960,경남,20년미만,2021,500,
3961,강원,15년미만,2021,600,
3962,경북,15년미만,2021,200,
3963,경북,20년이상,2021,500,
3964,경기,20년미만,2021,200,
3965,경북,20년이상,2021,300,
3966,대구,5년미만,2021,200,
3967,서울,7년미만,2021,50,
3968,경기,15년미만,2021,250,
3969,대구,7년미만,2021,350,
3970,인천,7년미만,2021,100,
3971,경북,15년미만,2021,100,
3972,울산,10년미만,2021,250,
3973,서울,10년미만,2021,150,
3974,경북,15년미만,2021,50,
3975,대구,15년미만,2021,200,
3976,전남,15년미만,2021,80,
3977,경기,10년미만,2021,200,
3978,인천,20년이상,2021,100,
3979,경기,3년미만,2021,100,
3980,서울,5년미만,2021,150,
3981,서울,7년미만,2021,100,
3982,경북,3년미만,2021,300,
3983,충남,7년미만,2021,100,
3984,대구,20년이상,2021,100,
3985,경북,1년미만,2021,100,
3986,서울,10년미만,2021,100,
3987,대구,20년이상,2021,150,
3988,경북,20년미만,2021,200,
3989,경북,20년이상,2021,150,
3990,광주,10년미만,2021,150,
3991,서울,20년미만,2021,100,
3992,대구,3년미만,2021,200,
3993,인천,10년미만,2021,100,
3994,충북,7년미만,2021,250,
3995,경남,1년미만,2021,170,
3996,인천,7년미만,2021,70,
3997,경북,20년이상,2021,700,
3998,인천,3년미만,2021,100,
3999,세종,5년미만,2021,50,
4000,경북,15년미만,2021,100,
4001,경남,3년미만,2021,130,
4002,강원,5년미만,2021,100,
4003,경북,10년미만,2021,100,
4004,인천,20년미만,2021,100,
4005,경북,20년이상,2021,50,
4006,경남,7년미만,2021,70,
4007,경기,7년미만,2021,100,
4008,대구,20년이상,2021,100,
4009,경북,15년미만,2021,200,
4010,경기,10년미만,2021,150,
4011,경북,10년미만,2021,200,
4012,인천,20년미만,2021,300,
4013,전남,10년미만,2021,100,
4014,경기,20년미만,2021,100,
4015,경남,5년미만,2021,150,
4016,경남,10년미만,2021,160,
4017,경북,20년이상,2021,300,
4018,대구,10년미만,2021,100,
4019,부산,7년미만,2021,100,
4020,부산,5년미만,2021,200,
4021,충북,5년미만,2021,300,
4022,충북,5년미만,2021,100,
4023,인천,10년미만,2021,100,
4024,인천,10년미만,2021,100,
